Week,C.Light,C.Nutrients,C.Rep,Species,Individual,FrondArea
1,H,L,2,Lm,1,2.8
1,H,L,2,Lm,2,4
1,H,L,2,Lm,3,3.8
1,H,L,2,Lm,4,4.7
1,H,L,2,Lm,5,4.4
1,H,L,2,Lm,6,3.8
1,H,L,2,Lm,7,3.7
1,H,L,2,Lm,8,4.3
1,H,L,2,Lm,9,3.4
1,H,L,2,Lm,10,2.9
1,H,L,1,Lm,1,2.8
1,H,L,1,Lm,2,4
1,H,L,1,Lm,3,3.8
1,H,L,1,Lm,4,4.7
1,H,L,1,Lm,5,4.4
1,H,L,1,Lm,6,3.8
1,H,L,1,Lm,7,3.7
1,H,L,1,Lm,8,4.3
1,H,L,1,Lm,9,3.4
1,H,L,1,Lm,10,2.9
1,H,L,2,Rn,1,7
1,H,L,2,Rn,2,4.4
1,H,L,2,Rn,3,4
1,H,L,2,Rn,4,3.6
1,H,L,2,Rn,5,5.4
1,H,L,2,Rn,6,7.8
1,H,L,2,Rn,7,9.3
1,H,L,2,Rn,8,6.1
1,H,L,2,Rn,9,6.2
1,H,L,2,Rn,10,9
1,H,L,1,Rn,1,7
1,H,L,1,Rn,2,4.4
1,H,L,1,Rn,3,4
1,H,L,1,Rn,4,3.6
1,H,L,1,Rn,5,5.4
1,H,L,1,Rn,6,7.8
1,H,L,1,Rn,7,9.3
1,H,L,1,Rn,8,6.1
1,H,L,1,Rn,9,6.2
1,H,L,1,Rn,10,9
1,H,L,2,Sp,1,20.1
1,H,L,2,Sp,2,16.1
1,H,L,2,Sp,3,18.8
1,H,L,2,Sp,4,14.3
1,H,L,2,Sp,5,21.4
1,H,L,2,Sp,6,15.5
1,H,L,2,Sp,7,9.3
1,H,L,2,Sp,8,10.7
1,H,L,2,Sp,9,23.3
1,H,L,2,Sp,10,12.7
1,H,L,1,Sp,1,20.1
1,H,L,1,Sp,2,16.1
1,H,L,1,Sp,3,18.8
1,H,L,1,Sp,4,14.3
1,H,L,1,Sp,5,21.4
1,H,L,1,Sp,6,15.5
1,H,L,1,Sp,7,9.3
1,H,L,1,Sp,8,10.7
1,H,L,1,Sp,9,23.3
1,H,L,1,Sp,10,12.7
1,H,L,2,Wc,1,0.5
1,H,L,2,Wc,2,0.4
1,H,L,2,Wc,3,0.5
1,H,L,2,Wc,4,0.7
1,H,L,2,Wc,5,0.6
1,H,L,2,Wc,6,0.5
1,H,L,2,Wc,7,0.4
1,H,L,2,Wc,8,0.5
1,H,L,2,Wc,9,0.6
1,H,L,2,Wc,10,0.6
1,H,L,1,Wc,1,0.5
1,H,L,1,Wc,2,0.4
1,H,L,1,Wc,3,0.5
1,H,L,1,Wc,4,0.7
1,H,L,1,Wc,5,0.6
1,H,L,1,Wc,6,0.5
1,H,L,1,Wc,7,0.4
1,H,L,1,Wc,8,0.5
1,H,L,1,Wc,9,0.6
1,H,L,1,Wc,10,0.6
1,H,M,1,Lm,1,2.8
1,H,M,1,Lm,2,4
1,H,M,1,Lm,3,3.8
1,H,M,1,Lm,4,4.7
1,H,M,1,Lm,5,4.4
1,H,M,1,Lm,6,3.8
1,H,M,1,Lm,7,3.7
1,H,M,1,Lm,8,4.3
1,H,M,1,Lm,9,3.4
1,H,M,1,Lm,10,2.9
1,H,M,2,Lm,1,2.8
1,H,M,2,Lm,2,4
1,H,M,2,Lm,3,3.8
1,H,M,2,Lm,4,4.7
1,H,M,2,Lm,5,4.4
1,H,M,2,Lm,6,3.8
1,H,M,2,Lm,7,3.7
1,H,M,2,Lm,8,4.3
1,H,M,2,Lm,9,3.4
1,H,M,2,Lm,10,2.9
1,H,M,1,Rn,1,7
1,H,M,1,Rn,2,4.4
1,H,M,1,Rn,3,4
1,H,M,1,Rn,4,3.6
1,H,M,1,Rn,5,5.4
1,H,M,1,Rn,6,7.8
1,H,M,1,Rn,7,9.3
1,H,M,1,Rn,8,6.1
1,H,M,1,Rn,9,6.2
1,H,M,1,Rn,10,9
1,H,M,2,Rn,1,7
1,H,M,2,Rn,2,4.4
1,H,M,2,Rn,3,4
1,H,M,2,Rn,4,3.6
1,H,M,2,Rn,5,5.4
1,H,M,2,Rn,6,7.8
1,H,M,2,Rn,7,9.3
1,H,M,2,Rn,8,6.1
1,H,M,2,Rn,9,6.2
1,H,M,2,Rn,10,9
1,H,M,1,Sp,1,20.1
1,H,M,1,Sp,2,16.1
1,H,M,1,Sp,3,18.8
1,H,M,1,Sp,4,14.3
1,H,M,1,Sp,5,21.4
1,H,M,1,Sp,6,15.5
1,H,M,1,Sp,7,9.3
1,H,M,1,Sp,8,10.7
1,H,M,1,Sp,9,23.3
1,H,M,1,Sp,10,12.7
1,H,M,2,Sp,1,20.1
1,H,M,2,Sp,2,16.1
1,H,M,2,Sp,3,18.8
1,H,M,2,Sp,4,14.3
1,H,M,2,Sp,5,21.4
1,H,M,2,Sp,6,15.5
1,H,M,2,Sp,7,9.3
1,H,M,2,Sp,8,10.7
1,H,M,2,Sp,9,23.3
1,H,M,2,Sp,10,12.7
1,H,M,1,Wc,1,0.5
1,H,M,1,Wc,2,0.4
1,H,M,1,Wc,3,0.5
1,H,M,1,Wc,4,0.7
1,H,M,1,Wc,5,0.6
1,H,M,1,Wc,6,0.5
1,H,M,1,Wc,7,0.4
1,H,M,1,Wc,8,0.5
1,H,M,1,Wc,9,0.6
1,H,M,1,Wc,10,0.6
1,H,M,2,Wc,1,0.5
1,H,M,2,Wc,2,0.4
1,H,M,2,Wc,3,0.5
1,H,M,2,Wc,4,0.7
1,H,M,2,Wc,5,0.6
1,H,M,2,Wc,6,0.5
1,H,M,2,Wc,7,0.4
1,H,M,2,Wc,8,0.5
1,H,M,2,Wc,9,0.6
1,H,M,2,Wc,10,0.6
1,H,H,1,Lm,1,2.8
1,H,H,1,Lm,2,4
1,H,H,1,Lm,3,3.8
1,H,H,1,Lm,4,4.7
1,H,H,1,Lm,5,4.4
1,H,H,1,Lm,6,3.8
1,H,H,1,Lm,7,3.7
1,H,H,1,Lm,8,4.3
1,H,H,1,Lm,9,3.4
1,H,H,1,Lm,10,2.9
1,H,H,2,Lm,1,2.8
1,H,H,2,Lm,2,4
1,H,H,2,Lm,3,3.8
1,H,H,2,Lm,4,4.7
1,H,H,2,Lm,5,4.4
1,H,H,2,Lm,6,3.8
1,H,H,2,Lm,7,3.7
1,H,H,2,Lm,8,4.3
1,H,H,2,Lm,9,3.4
1,H,H,2,Lm,10,2.9
1,H,H,1,Rn,1,7
1,H,H,1,Rn,2,4.4
1,H,H,1,Rn,3,4
1,H,H,1,Rn,4,3.6
1,H,H,1,Rn,5,5.4
1,H,H,1,Rn,6,7.8
1,H,H,1,Rn,7,9.3
1,H,H,1,Rn,8,6.1
1,H,H,1,Rn,9,6.2
1,H,H,1,Rn,10,9
1,H,H,2,Rn,1,7
1,H,H,2,Rn,2,4.4
1,H,H,2,Rn,3,4
1,H,H,2,Rn,4,3.6
1,H,H,2,Rn,5,5.4
1,H,H,2,Rn,6,7.8
1,H,H,2,Rn,7,9.3
1,H,H,2,Rn,8,6.1
1,H,H,2,Rn,9,6.2
1,H,H,2,Rn,10,9
1,H,H,1,Sp,1,20.1
1,H,H,1,Sp,2,16.1
1,H,H,1,Sp,3,18.8
1,H,H,1,Sp,4,14.3
1,H,H,1,Sp,5,21.4
1,H,H,1,Sp,6,15.5
1,H,H,1,Sp,7,9.3
1,H,H,1,Sp,8,10.7
1,H,H,1,Sp,9,23.3
1,H,H,1,Sp,10,12.7
1,H,H,2,Sp,1,20.1
1,H,H,2,Sp,2,16.1
1,H,H,2,Sp,3,18.8
1,H,H,2,Sp,4,14.3
1,H,H,2,Sp,5,21.4
1,H,H,2,Sp,6,15.5
1,H,H,2,Sp,7,9.3
1,H,H,2,Sp,8,10.7
1,H,H,2,Sp,9,23.3
1,H,H,2,Sp,10,12.7
1,H,H,1,Wc,1,0.5
1,H,H,1,Wc,2,0.4
1,H,H,1,Wc,3,0.5
1,H,H,1,Wc,4,0.7
1,H,H,1,Wc,5,0.6
1,H,H,1,Wc,6,0.5
1,H,H,1,Wc,7,0.4
1,H,H,1,Wc,8,0.5
1,H,H,1,Wc,9,0.6
1,H,H,1,Wc,10,0.6
1,H,H,2,Wc,1,0.5
1,H,H,2,Wc,2,0.4
1,H,H,2,Wc,3,0.5
1,H,H,2,Wc,4,0.7
1,H,H,2,Wc,5,0.6
1,H,H,2,Wc,6,0.5
1,H,H,2,Wc,7,0.4
1,H,H,2,Wc,8,0.5
1,H,H,2,Wc,9,0.6
1,H,H,2,Wc,10,0.6
1,M,L,1,Lm,1,2.8
1,M,L,1,Lm,2,4
1,M,L,1,Lm,3,3.8
1,M,L,1,Lm,4,4.7
1,M,L,1,Lm,5,4.4
1,M,L,1,Lm,6,3.8
1,M,L,1,Lm,7,3.7
1,M,L,1,Lm,8,4.3
1,M,L,1,Lm,9,3.4
1,M,L,1,Lm,10,2.9
1,M,L,2,Lm,1,2.8
1,M,L,2,Lm,2,4
1,M,L,2,Lm,3,3.8
1,M,L,2,Lm,4,4.7
1,M,L,2,Lm,5,4.4
1,M,L,2,Lm,6,3.8
1,M,L,2,Lm,7,3.7
1,M,L,2,Lm,8,4.3
1,M,L,2,Lm,9,3.4
1,M,L,2,Lm,10,2.9
1,M,L,1,Rn,1,7
1,M,L,1,Rn,2,4.4
1,M,L,1,Rn,3,4
1,M,L,1,Rn,4,3.6
1,M,L,1,Rn,5,5.4
1,M,L,1,Rn,6,7.8
1,M,L,1,Rn,7,9.3
1,M,L,1,Rn,8,6.1
1,M,L,1,Rn,9,6.2
1,M,L,1,Rn,10,9
1,M,L,2,Rn,1,7
1,M,L,2,Rn,2,4.4
1,M,L,2,Rn,3,4
1,M,L,2,Rn,4,3.6
1,M,L,2,Rn,5,5.4
1,M,L,2,Rn,6,7.8
1,M,L,2,Rn,7,9.3
1,M,L,2,Rn,8,6.1
1,M,L,2,Rn,9,6.2
1,M,L,2,Rn,10,9
1,M,L,1,Sp,1,20.1
1,M,L,1,Sp,2,16.1
1,M,L,1,Sp,3,18.8
1,M,L,1,Sp,4,14.3
1,M,L,1,Sp,5,21.4
1,M,L,1,Sp,6,15.5
1,M,L,1,Sp,7,9.3
1,M,L,1,Sp,8,10.7
1,M,L,1,Sp,9,23.3
1,M,L,1,Sp,10,12.7
1,M,L,2,Sp,1,20.1
1,M,L,2,Sp,2,16.1
1,M,L,2,Sp,3,18.8
1,M,L,2,Sp,4,14.3
1,M,L,2,Sp,5,21.4
1,M,L,2,Sp,6,15.5
1,M,L,2,Sp,7,9.3
1,M,L,2,Sp,8,10.7
1,M,L,2,Sp,9,23.3
1,M,L,2,Sp,10,12.7
1,M,L,1,Wc,1,0.5
1,M,L,1,Wc,2,0.4
1,M,L,1,Wc,3,0.5
1,M,L,1,Wc,4,0.7
1,M,L,1,Wc,5,0.6
1,M,L,1,Wc,6,0.5
1,M,L,1,Wc,7,0.4
1,M,L,1,Wc,8,0.5
1,M,L,1,Wc,9,0.6
1,M,L,1,Wc,10,0.6
1,M,L,2,Wc,1,0.5
1,M,L,2,Wc,2,0.4
1,M,L,2,Wc,3,0.5
1,M,L,2,Wc,4,0.7
1,M,L,2,Wc,5,0.6
1,M,L,2,Wc,6,0.5
1,M,L,2,Wc,7,0.4
1,M,L,2,Wc,8,0.5
1,M,L,2,Wc,9,0.6
1,M,L,2,Wc,10,0.6
1,M,M,1,Lm,1,2.8
1,M,M,1,Lm,2,4
1,M,M,1,Lm,3,3.8
1,M,M,1,Lm,4,4.7
1,M,M,1,Lm,5,4.4
1,M,M,1,Lm,6,3.8
1,M,M,1,Lm,7,3.7
1,M,M,1,Lm,8,4.3
1,M,M,1,Lm,9,3.4
1,M,M,1,Lm,10,2.9
1,M,M,2,Lm,1,2.8
1,M,M,2,Lm,2,4
1,M,M,2,Lm,3,3.8
1,M,M,2,Lm,4,4.7
1,M,M,2,Lm,5,4.4
1,M,M,2,Lm,6,3.8
1,M,M,2,Lm,7,3.7
1,M,M,2,Lm,8,4.3
1,M,M,2,Lm,9,3.4
1,M,M,2,Lm,10,2.9
1,M,M,1,Rn,1,7
1,M,M,1,Rn,2,4.4
1,M,M,1,Rn,3,4
1,M,M,1,Rn,4,3.6
1,M,M,1,Rn,5,5.4
1,M,M,1,Rn,6,7.8
1,M,M,1,Rn,7,9.3
1,M,M,1,Rn,8,6.1
1,M,M,1,Rn,9,6.2
1,M,M,1,Rn,10,9
1,M,M,2,Rn,1,7
1,M,M,2,Rn,2,4.4
1,M,M,2,Rn,3,4
1,M,M,2,Rn,4,3.6
1,M,M,2,Rn,5,5.4
1,M,M,2,Rn,6,7.8
1,M,M,2,Rn,7,9.3
1,M,M,2,Rn,8,6.1
1,M,M,2,Rn,9,6.2
1,M,M,2,Rn,10,9
1,M,M,1,Sp,1,20.1
1,M,M,1,Sp,2,16.1
1,M,M,1,Sp,3,18.8
1,M,M,1,Sp,4,14.3
1,M,M,1,Sp,5,21.4
1,M,M,1,Sp,6,15.5
1,M,M,1,Sp,7,9.3
1,M,M,1,Sp,8,10.7
1,M,M,1,Sp,9,23.3
1,M,M,1,Sp,10,12.7
1,M,M,2,Sp,1,20.1
1,M,M,2,Sp,2,16.1
1,M,M,2,Sp,3,18.8
1,M,M,2,Sp,4,14.3
1,M,M,2,Sp,5,21.4
1,M,M,2,Sp,6,15.5
1,M,M,2,Sp,7,9.3
1,M,M,2,Sp,8,10.7
1,M,M,2,Sp,9,23.3
1,M,M,2,Sp,10,12.7
1,M,M,1,Wc,1,0.5
1,M,M,1,Wc,2,0.4
1,M,M,1,Wc,3,0.5
1,M,M,1,Wc,4,0.7
1,M,M,1,Wc,5,0.6
1,M,M,1,Wc,6,0.5
1,M,M,1,Wc,7,0.4
1,M,M,1,Wc,8,0.5
1,M,M,1,Wc,9,0.6
1,M,M,1,Wc,10,0.6
1,M,M,2,Wc,1,0.5
1,M,M,2,Wc,2,0.4
1,M,M,2,Wc,3,0.5
1,M,M,2,Wc,4,0.7
1,M,M,2,Wc,5,0.6
1,M,M,2,Wc,6,0.5
1,M,M,2,Wc,7,0.4
1,M,M,2,Wc,8,0.5
1,M,M,2,Wc,9,0.6
1,M,M,2,Wc,10,0.6
1,M,H,2,Lm,1,2.8
1,M,H,2,Lm,2,4
1,M,H,2,Lm,3,3.8
1,M,H,2,Lm,4,4.7
1,M,H,2,Lm,5,4.4
1,M,H,2,Lm,6,3.8
1,M,H,2,Lm,7,3.7
1,M,H,2,Lm,8,4.3
1,M,H,2,Lm,9,3.4
1,M,H,2,Lm,10,2.9
1,M,H,1,Lm,1,2.8
1,M,H,1,Lm,2,4
1,M,H,1,Lm,3,3.8
1,M,H,1,Lm,4,4.7
1,M,H,1,Lm,5,4.4
1,M,H,1,Lm,6,3.8
1,M,H,1,Lm,7,3.7
1,M,H,1,Lm,8,4.3
1,M,H,1,Lm,9,3.4
1,M,H,1,Lm,10,2.9
1,M,H,2,Rn,1,7
1,M,H,2,Rn,2,4.4
1,M,H,2,Rn,3,4
1,M,H,2,Rn,4,3.6
1,M,H,2,Rn,5,5.4
1,M,H,2,Rn,6,7.8
1,M,H,2,Rn,7,9.3
1,M,H,2,Rn,8,6.1
1,M,H,2,Rn,9,6.2
1,M,H,2,Rn,10,9
1,M,H,1,Rn,1,7
1,M,H,1,Rn,2,4.4
1,M,H,1,Rn,3,4
1,M,H,1,Rn,4,3.6
1,M,H,1,Rn,5,5.4
1,M,H,1,Rn,6,7.8
1,M,H,1,Rn,7,9.3
1,M,H,1,Rn,8,6.1
1,M,H,1,Rn,9,6.2
1,M,H,1,Rn,10,9
1,M,H,2,Sp,1,20.1
1,M,H,2,Sp,2,16.1
1,M,H,2,Sp,3,18.8
1,M,H,2,Sp,4,14.3
1,M,H,2,Sp,5,21.4
1,M,H,2,Sp,6,15.5
1,M,H,2,Sp,7,9.3
1,M,H,2,Sp,8,10.7
1,M,H,2,Sp,9,23.3
1,M,H,2,Sp,10,12.7
1,M,H,1,Sp,1,20.1
1,M,H,1,Sp,2,16.1
1,M,H,1,Sp,3,18.8
1,M,H,1,Sp,4,14.3
1,M,H,1,Sp,5,21.4
1,M,H,1,Sp,6,15.5
1,M,H,1,Sp,7,9.3
1,M,H,1,Sp,8,10.7
1,M,H,1,Sp,9,23.3
1,M,H,1,Sp,10,12.7
1,M,H,2,Wc,1,0.5
1,M,H,2,Wc,2,0.4
1,M,H,2,Wc,3,0.5
1,M,H,2,Wc,4,0.7
1,M,H,2,Wc,5,0.6
1,M,H,2,Wc,6,0.5
1,M,H,2,Wc,7,0.4
1,M,H,2,Wc,8,0.5
1,M,H,2,Wc,9,0.6
1,M,H,2,Wc,10,0.6
1,M,H,1,Wc,1,0.5
1,M,H,1,Wc,2,0.4
1,M,H,1,Wc,3,0.5
1,M,H,1,Wc,4,0.7
1,M,H,1,Wc,5,0.6
1,M,H,1,Wc,6,0.5
1,M,H,1,Wc,7,0.4
1,M,H,1,Wc,8,0.5
1,M,H,1,Wc,9,0.6
1,M,H,1,Wc,10,0.6
1,L,L,2,Lm,1,2.8
1,L,L,2,Lm,2,4
1,L,L,2,Lm,3,3.8
1,L,L,2,Lm,4,4.7
1,L,L,2,Lm,5,4.4
1,L,L,2,Lm,6,3.8
1,L,L,2,Lm,7,3.7
1,L,L,2,Lm,8,4.3
1,L,L,2,Lm,9,3.4
1,L,L,2,Lm,10,2.9
1,L,L,1,Lm,1,2.8
1,L,L,1,Lm,2,4
1,L,L,1,Lm,3,3.8
1,L,L,1,Lm,4,4.7
1,L,L,1,Lm,5,4.4
1,L,L,1,Lm,6,3.8
1,L,L,1,Lm,7,3.7
1,L,L,1,Lm,8,4.3
1,L,L,1,Lm,9,3.4
1,L,L,1,Lm,10,2.9
1,L,L,2,Rn,1,7
1,L,L,2,Rn,2,4.4
1,L,L,2,Rn,3,4
1,L,L,2,Rn,4,3.6
1,L,L,2,Rn,5,5.4
1,L,L,2,Rn,6,7.8
1,L,L,2,Rn,7,9.3
1,L,L,2,Rn,8,6.1
1,L,L,2,Rn,9,6.2
1,L,L,2,Rn,10,9
1,L,L,1,Rn,1,7
1,L,L,1,Rn,2,4.4
1,L,L,1,Rn,3,4
1,L,L,1,Rn,4,3.6
1,L,L,1,Rn,5,5.4
1,L,L,1,Rn,6,7.8
1,L,L,1,Rn,7,9.3
1,L,L,1,Rn,8,6.1
1,L,L,1,Rn,9,6.2
1,L,L,1,Rn,10,9
1,L,L,2,Sp,1,20.1
1,L,L,2,Sp,2,16.1
1,L,L,2,Sp,3,18.8
1,L,L,2,Sp,4,14.3
1,L,L,2,Sp,5,21.4
1,L,L,2,Sp,6,15.5
1,L,L,2,Sp,7,9.3
1,L,L,2,Sp,8,10.7
1,L,L,2,Sp,9,23.3
1,L,L,2,Sp,10,12.7
1,L,L,1,Sp,1,20.1
1,L,L,1,Sp,2,16.1
1,L,L,1,Sp,3,18.8
1,L,L,1,Sp,4,14.3
1,L,L,1,Sp,5,21.4
1,L,L,1,Sp,6,15.5
1,L,L,1,Sp,7,9.3
1,L,L,1,Sp,8,10.7
1,L,L,1,Sp,9,23.3
1,L,L,1,Sp,10,12.7
1,L,L,2,Wc,1,0.5
1,L,L,2,Wc,2,0.4
1,L,L,2,Wc,3,0.5
1,L,L,2,Wc,4,0.7
1,L,L,2,Wc,5,0.6
1,L,L,2,Wc,6,0.5
1,L,L,2,Wc,7,0.4
1,L,L,2,Wc,8,0.5
1,L,L,2,Wc,9,0.6
1,L,L,2,Wc,10,0.6
1,L,L,1,Wc,1,0.5
1,L,L,1,Wc,2,0.4
1,L,L,1,Wc,3,0.5
1,L,L,1,Wc,4,0.7
1,L,L,1,Wc,5,0.6
1,L,L,1,Wc,6,0.5
1,L,L,1,Wc,7,0.4
1,L,L,1,Wc,8,0.5
1,L,L,1,Wc,9,0.6
1,L,L,1,Wc,10,0.6
1,L,M,2,Lm,1,2.8
1,L,M,2,Lm,2,4
1,L,M,2,Lm,3,3.8
1,L,M,2,Lm,4,4.7
1,L,M,2,Lm,5,4.4
1,L,M,2,Lm,6,3.8
1,L,M,2,Lm,7,3.7
1,L,M,2,Lm,8,4.3
1,L,M,2,Lm,9,3.4
1,L,M,2,Lm,10,2.9
1,L,M,1,Lm,1,2.8
1,L,M,1,Lm,2,4
1,L,M,1,Lm,3,3.8
1,L,M,1,Lm,4,4.7
1,L,M,1,Lm,5,4.4
1,L,M,1,Lm,6,3.8
1,L,M,1,Lm,7,3.7
1,L,M,1,Lm,8,4.3
1,L,M,1,Lm,9,3.4
1,L,M,1,Lm,10,2.9
1,L,M,2,Rn,1,7
1,L,M,2,Rn,2,4.4
1,L,M,2,Rn,3,4
1,L,M,2,Rn,4,3.6
1,L,M,2,Rn,5,5.4
1,L,M,2,Rn,6,7.8
1,L,M,2,Rn,7,9.3
1,L,M,2,Rn,8,6.1
1,L,M,2,Rn,9,6.2
1,L,M,2,Rn,10,9
1,L,M,1,Rn,1,7
1,L,M,1,Rn,2,4.4
1,L,M,1,Rn,3,4
1,L,M,1,Rn,4,3.6
1,L,M,1,Rn,5,5.4
1,L,M,1,Rn,6,7.8
1,L,M,1,Rn,7,9.3
1,L,M,1,Rn,8,6.1
1,L,M,1,Rn,9,6.2
1,L,M,1,Rn,10,9
1,L,M,2,Sp,1,20.1
1,L,M,2,Sp,2,16.1
1,L,M,2,Sp,3,18.8
1,L,M,2,Sp,4,14.3
1,L,M,2,Sp,5,21.4
1,L,M,2,Sp,6,15.5
1,L,M,2,Sp,7,9.3
1,L,M,2,Sp,8,10.7
1,L,M,2,Sp,9,23.3
1,L,M,2,Sp,10,12.7
1,L,M,1,Sp,1,20.1
1,L,M,1,Sp,2,16.1
1,L,M,1,Sp,3,18.8
1,L,M,1,Sp,4,14.3
1,L,M,1,Sp,5,21.4
1,L,M,1,Sp,6,15.5
1,L,M,1,Sp,7,9.3
1,L,M,1,Sp,8,10.7
1,L,M,1,Sp,9,23.3
1,L,M,1,Sp,10,12.7
1,L,M,2,Wc,1,0.5
1,L,M,2,Wc,2,0.4
1,L,M,2,Wc,3,0.5
1,L,M,2,Wc,4,0.7
1,L,M,2,Wc,5,0.6
1,L,M,2,Wc,6,0.5
1,L,M,2,Wc,7,0.4
1,L,M,2,Wc,8,0.5
1,L,M,2,Wc,9,0.6
1,L,M,2,Wc,10,0.6
1,L,M,1,Wc,1,0.5
1,L,M,1,Wc,2,0.4
1,L,M,1,Wc,3,0.5
1,L,M,1,Wc,4,0.7
1,L,M,1,Wc,5,0.6
1,L,M,1,Wc,6,0.5
1,L,M,1,Wc,7,0.4
1,L,M,1,Wc,8,0.5
1,L,M,1,Wc,9,0.6
1,L,M,1,Wc,10,0.6
1,L,H,1,Lm,1,2.8
1,L,H,1,Lm,2,4
1,L,H,1,Lm,3,3.8
1,L,H,1,Lm,4,4.7
1,L,H,1,Lm,5,4.4
1,L,H,1,Lm,6,3.8
1,L,H,1,Lm,7,3.7
1,L,H,1,Lm,8,4.3
1,L,H,1,Lm,9,3.4
1,L,H,1,Lm,10,2.9
1,L,H,2,Lm,1,2.8
1,L,H,2,Lm,2,4
1,L,H,2,Lm,3,3.8
1,L,H,2,Lm,4,4.7
1,L,H,2,Lm,5,4.4
1,L,H,2,Lm,6,3.8
1,L,H,2,Lm,7,3.7
1,L,H,2,Lm,8,4.3
1,L,H,2,Lm,9,3.4
1,L,H,2,Lm,10,2.9
1,L,H,1,Rn,1,7
1,L,H,1,Rn,2,4.4
1,L,H,1,Rn,3,4
1,L,H,1,Rn,4,3.6
1,L,H,1,Rn,5,5.4
1,L,H,1,Rn,6,7.8
1,L,H,1,Rn,7,9.3
1,L,H,1,Rn,8,6.1
1,L,H,1,Rn,9,6.2
1,L,H,1,Rn,10,9
1,L,H,2,Rn,1,7
1,L,H,2,Rn,2,4.4
1,L,H,2,Rn,3,4
1,L,H,2,Rn,4,3.6
1,L,H,2,Rn,5,5.4
1,L,H,2,Rn,6,7.8
1,L,H,2,Rn,7,9.3
1,L,H,2,Rn,8,6.1
1,L,H,2,Rn,9,6.2
1,L,H,2,Rn,10,9
1,L,H,1,Sp,1,20.1
1,L,H,1,Sp,2,16.1
1,L,H,1,Sp,3,18.8
1,L,H,1,Sp,4,14.3
1,L,H,1,Sp,5,21.4
1,L,H,1,Sp,6,15.5
1,L,H,1,Sp,7,9.3
1,L,H,1,Sp,8,10.7
1,L,H,1,Sp,9,23.3
1,L,H,1,Sp,10,12.7
1,L,H,2,Sp,1,20.1
1,L,H,2,Sp,2,16.1
1,L,H,2,Sp,3,18.8
1,L,H,2,Sp,4,14.3
1,L,H,2,Sp,5,21.4
1,L,H,2,Sp,6,15.5
1,L,H,2,Sp,7,9.3
1,L,H,2,Sp,8,10.7
1,L,H,2,Sp,9,23.3
1,L,H,2,Sp,10,12.7
1,L,H,1,Wc,1,0.5
1,L,H,1,Wc,2,0.4
1,L,H,1,Wc,3,0.5
1,L,H,1,Wc,4,0.7
1,L,H,1,Wc,5,0.6
1,L,H,1,Wc,6,0.5
1,L,H,1,Wc,7,0.4
1,L,H,1,Wc,8,0.5
1,L,H,1,Wc,9,0.6
1,L,H,1,Wc,10,0.6
1,L,H,2,Wc,1,0.5
1,L,H,2,Wc,2,0.4
1,L,H,2,Wc,3,0.5
1,L,H,2,Wc,4,0.7
1,L,H,2,Wc,5,0.6
1,L,H,2,Wc,6,0.5
1,L,H,2,Wc,7,0.4
1,L,H,2,Wc,8,0.5
1,L,H,2,Wc,9,0.6
1,L,H,2,Wc,10,0.6
3,H,L,2,Lm,1,2.9835
3,H,L,2,Lm,2,3.4109
3,H,L,2,Lm,3,4.6019
3,H,L,2,Lm,4,3.3456
3,H,L,2,Lm,5,2.6973
3,H,L,2,Lm,6,3.3656
3,H,L,2,Lm,7,2.9966
3,H,L,2,Lm,8,3.5417
3,H,L,2,Lm,9,3.0086
3,H,L,2,Lm,10,2.4883
3,H,L,1,Lm,1,4.1341
3,H,L,1,Lm,2,3.5316
3,H,L,1,Lm,3,3.9021
3,H,L,1,Lm,4,3.9573
3,H,L,1,Lm,5,3.5466
3,H,L,1,Lm,6,3.1156
3,H,L,1,Lm,7,3.7343
3,H,L,1,Lm,8,3.1831
3,H,L,1,Lm,9,2.6961
3,H,L,1,Lm,10,3.0776
3,H,L,2,Rn,1,5.6377
3,H,L,2,Rn,2,9.7352
3,H,L,2,Rn,3,6.7453
3,H,L,2,Rn,4,5.4972
3,H,L,2,Rn,5,5.9879
3,H,L,2,Rn,6,3.2291
3,H,L,2,Rn,7,2.6719
3,H,L,2,Rn,8,5.1423
3,H,L,2,Rn,9,5.9644
3,H,L,2,Rn,10,4.0536
3,H,L,1,Rn,1,2.7419
3,H,L,1,Rn,2,5.8247
3,H,L,1,Rn,3,5.5719
3,H,L,1,Rn,4,3.8004
3,H,L,1,Rn,5,3.9657
3,H,L,1,Rn,6,12.3722
3,H,L,1,Rn,7,5.8835
3,H,L,1,Rn,8,5.4946
3,H,L,1,Rn,9,11.8672
3,H,L,1,Rn,10,4.4151
3,H,L,2,Sp,1,20.9519
3,H,L,2,Sp,2,10.4758
3,H,L,2,Sp,3,8.7334
3,H,L,2,Sp,4,14.0814
3,H,L,2,Sp,5,7.6942
3,H,L,2,Sp,6,8.7767
3,H,L,2,Sp,7,15.1929
3,H,L,2,Sp,8,28.5629
3,H,L,2,Sp,9,14.5573
3,H,L,2,Sp,10,9.2724
3,H,L,1,Sp,1,11.769
3,H,L,1,Sp,2,16.9349
3,H,L,1,Sp,3,16.4263
3,H,L,1,Sp,4,16.8006
3,H,L,1,Sp,5,12.654
3,H,L,1,Sp,6,14.5607
3,H,L,1,Sp,7,11.699
3,H,L,1,Sp,8,20.5015
3,H,L,1,Sp,9,15.8623
3,H,L,1,Sp,10,21.2121
3,H,L,2,Wc,1,0.4893
3,H,L,2,Wc,2,0.4964
3,H,L,2,Wc,3,0.5437
3,H,L,2,Wc,4,0.4861
3,H,L,2,Wc,5,0.21
3,H,L,2,Wc,6,0.155
3,H,L,2,Wc,7,0.1625
3,H,L,2,Wc,8,0.5049
3,H,L,2,Wc,9,0.1661
3,H,L,2,Wc,10,0.0923
3,H,L,1,Wc,1,0.3627
3,H,L,1,Wc,2,0.5933
3,H,L,1,Wc,3,0.5112
3,H,L,1,Wc,4,0.3749
3,H,L,1,Wc,5,0.6606
3,H,L,1,Wc,6,0.6111
3,H,L,1,Wc,7,0.2096
3,H,L,1,Wc,8,0.3917
3,H,L,1,Wc,9,0.5225
3,H,L,1,Wc,10,0.467
3,H,M,1,Lm,1,2.9828
3,H,M,1,Lm,2,3.9867
3,H,M,1,Lm,3,3.1373
3,H,M,1,Lm,4,3.4744
3,H,M,1,Lm,5,2.4207
3,H,M,1,Lm,6,2.7708
3,H,M,1,Lm,7,4.725
3,H,M,1,Lm,8,5.4999
3,H,M,1,Lm,9,2.9841
3,H,M,1,Lm,10,3.4342
3,H,M,2,Lm,1,3.6827
3,H,M,2,Lm,2,4.7711
3,H,M,2,Lm,3,3.5275
3,H,M,2,Lm,4,3.6281
3,H,M,2,Lm,5,4.3398
3,H,M,2,Lm,6,4.0667
3,H,M,2,Lm,7,3.9061
3,H,M,2,Lm,8,3.5619
3,H,M,2,Lm,9,4.2694
3,H,M,2,Lm,10,4.211
3,H,M,1,Rn,1,7.3582
3,H,M,1,Rn,2,7.5168
3,H,M,1,Rn,3,5.8579
3,H,M,1,Rn,4,5.5026
3,H,M,1,Rn,5,3.3643
3,H,M,1,Rn,6,9.261
3,H,M,1,Rn,7,6.9108
3,H,M,1,Rn,8,6.0423
3,H,M,1,Rn,9,7.0228
3,H,M,1,Rn,10,5.968
3,H,M,2,Rn,1,3.8931
3,H,M,2,Rn,2,3.9444
3,H,M,2,Rn,3,4.9635
3,H,M,2,Rn,4,6.6897
3,H,M,2,Rn,5,5.9247
3,H,M,2,Rn,6,3.9544
3,H,M,2,Rn,7,7.2345
3,H,M,2,Rn,8,6.3722
3,H,M,2,Rn,9,4.3266
3,H,M,2,Rn,10,4.5894
3,H,M,1,Sp,1,15.6136
3,H,M,1,Sp,2,14.7984
3,H,M,1,Sp,3,14.4684
3,H,M,1,Sp,4,10.7707
3,H,M,1,Sp,5,29.6823
3,H,M,1,Sp,6,13.5261
3,H,M,1,Sp,7,16.079
3,H,M,1,Sp,8,22.2214
3,H,M,1,Sp,9,19.3883
3,H,M,1,Sp,10,9.2981
3,H,M,2,Sp,1,7.9014
3,H,M,2,Sp,2,7.7812
3,H,M,2,Sp,3,17.5205
3,H,M,2,Sp,4,8.6736
3,H,M,2,Sp,5,30.061
3,H,M,2,Sp,6,8.7436
3,H,M,2,Sp,7,19.1994
3,H,M,2,Sp,8,29.2829
3,H,M,2,Sp,9,9.9601
3,H,M,2,Sp,10,22.1736
3,H,M,1,Wc,1,0.4842
3,H,M,1,Wc,2,0.4288
3,H,M,1,Wc,3,0.5377
3,H,M,1,Wc,4,0.4606
3,H,M,1,Wc,5,0.5237
3,H,M,1,Wc,6,0.2658
3,H,M,1,Wc,7,0.5699
3,H,M,1,Wc,8,0.3826
3,H,M,1,Wc,9,0.4792
3,H,M,1,Wc,10,0.3416
3,H,M,2,Wc,1,0.5229
3,H,M,2,Wc,2,0.4963
3,H,M,2,Wc,3,0.4301
3,H,M,2,Wc,4,0.3457
3,H,M,2,Wc,5,0.5224
3,H,M,2,Wc,6,0.4232
3,H,M,2,Wc,7,0.5926
3,H,M,2,Wc,8,0.4541
3,H,M,2,Wc,9,0.6046
3,H,M,2,Wc,10,0.5158
3,H,H,1,Lm,1,3.8594
3,H,H,1,Lm,2,3.4462
3,H,H,1,Lm,3,3.2038
3,H,H,1,Lm,4,3.1648
3,H,H,1,Lm,5,2.4496
3,H,H,1,Lm,6,4.0651
3,H,H,1,Lm,7,4.2964
3,H,H,1,Lm,8,2.6081
3,H,H,1,Lm,9,5.2745
3,H,H,1,Lm,10,3.4996
3,H,H,2,Lm,1,3.3774
3,H,H,2,Lm,2,4.0185
3,H,H,2,Lm,3,3.8045
3,H,H,2,Lm,4,4.0273
3,H,H,2,Lm,5,3.5987
3,H,H,2,Lm,6,3.4832
3,H,H,2,Lm,7,3.3461
3,H,H,2,Lm,8,3.6758
3,H,H,2,Lm,9,4.134
3,H,H,2,Lm,10,3.2387
3,H,H,1,Rn,1,6.2235
3,H,H,1,Rn,2,5.2159
3,H,H,1,Rn,3,5.5547
3,H,H,1,Rn,4,3.6886
3,H,H,1,Rn,5,6.1018
3,H,H,1,Rn,6,7.4271
3,H,H,1,Rn,7,4.0219
3,H,H,1,Rn,8,6.2455
3,H,H,1,Rn,9,3.7028
3,H,H,1,Rn,10,5.2031
3,H,H,2,Rn,1,6.7306
3,H,H,2,Rn,2,4.0815
3,H,H,2,Rn,3,5.6171
3,H,H,2,Rn,4,4.4079
3,H,H,2,Rn,5,4.7313
3,H,H,2,Rn,6,2.6088
3,H,H,2,Rn,7,4.3518
3,H,H,2,Rn,8,4.6933
3,H,H,2,Rn,9,5.2849
3,H,H,2,Rn,10,4.0294
3,H,H,1,Sp,1,18.9469
3,H,H,1,Sp,2,18.5795
3,H,H,1,Sp,3,23.2194
3,H,H,1,Sp,4,17.2481
3,H,H,1,Sp,5,17.2869
3,H,H,1,Sp,6,7.1598
3,H,H,1,Sp,7,14.546
3,H,H,1,Sp,8,17.9335
3,H,H,1,Sp,9,20.5877
3,H,H,1,Sp,10,11.3887
3,H,H,2,Sp,1,18.5009
3,H,H,2,Sp,2,20.6556
3,H,H,2,Sp,3,16.2681
3,H,H,2,Sp,4,16.455
3,H,H,2,Sp,5,11.6434
3,H,H,2,Sp,6,13.1694
3,H,H,2,Sp,7,10.4731
3,H,H,2,Sp,8,10.1515
3,H,H,2,Sp,9,16.805
3,H,H,2,Sp,10,16.5011
3,H,H,1,Wc,1,0.2807
3,H,H,1,Wc,2,0.4973
3,H,H,1,Wc,3,0.1951
3,H,H,1,Wc,4,0.3605
3,H,H,1,Wc,5,0.4437
3,H,H,1,Wc,6,0.3204
3,H,H,1,Wc,7,0.5448
3,H,H,1,Wc,8,0.5952
3,H,H,1,Wc,9,0.4213
3,H,H,1,Wc,10,0.4592
3,H,H,2,Wc,1,0.3052
3,H,H,2,Wc,2,0.4276
3,H,H,2,Wc,3,0.2738
3,H,H,2,Wc,4,0.3985
3,H,H,2,Wc,5,0.5253
3,H,H,2,Wc,6,0.2572
3,H,H,2,Wc,7,0.6387
3,H,H,2,Wc,8,0.5133
3,H,H,2,Wc,9,0.395
3,H,H,2,Wc,10,0.4478
3,M,L,1,Lm,1,3.4407
3,M,L,1,Lm,2,3.348
3,M,L,1,Lm,3,3.7142
3,M,L,1,Lm,4,3.9937
3,M,L,1,Lm,5,2.662
3,M,L,1,Lm,6,2.8553
3,M,L,1,Lm,7,5.5921
3,M,L,1,Lm,8,3.8658
3,M,L,1,Lm,9,3.8708
3,M,L,1,Lm,10,4.8212
3,M,L,2,Lm,1,3.4273
3,M,L,2,Lm,2,4.4631
3,M,L,2,Lm,3,4.1263
3,M,L,2,Lm,4,3.7479
3,M,L,2,Lm,5,3.1096
3,M,L,2,Lm,6,3.8088
3,M,L,2,Lm,7,3.8369
3,M,L,2,Lm,8,4.4825
3,M,L,2,Lm,9,2.8581
3,M,L,2,Lm,10,2.9126
3,M,L,1,Rn,1,9.2938
3,M,L,1,Rn,2,6.8579
3,M,L,1,Rn,3,6.9759
3,M,L,1,Rn,4,4.1586
3,M,L,1,Rn,5,5.617
3,M,L,1,Rn,6,9.3248
3,M,L,1,Rn,7,7.7801
3,M,L,1,Rn,8,11.6362
3,M,L,1,Rn,9,3.9951
3,M,L,1,Rn,10,4.7079
3,M,L,2,Rn,1,8.0635
3,M,L,2,Rn,2,9.1971
3,M,L,2,Rn,3,7.25
3,M,L,2,Rn,4,14.0809
3,M,L,2,Rn,5,10.3185
3,M,L,2,Rn,6,10.5705
3,M,L,2,Rn,7,8.2791
3,M,L,2,Rn,8,7.1111
3,M,L,2,Rn,9,7.4004
3,M,L,2,Rn,10,4.0513
3,M,L,1,Sp,1,19.0211
3,M,L,1,Sp,2,19.4103
3,M,L,1,Sp,3,17.2692
3,M,L,1,Sp,4,10.2334
3,M,L,1,Sp,5,8.7118
3,M,L,1,Sp,6,19.2256
3,M,L,1,Sp,7,17.2623
3,M,L,1,Sp,8,21.6198
3,M,L,1,Sp,9,12.3861
3,M,L,1,Sp,10,9.5643
3,M,L,2,Sp,1,16.1846
3,M,L,2,Sp,2,19.2391
3,M,L,2,Sp,3,25.6718
3,M,L,2,Sp,4,16.4231
3,M,L,2,Sp,5,18.5706
3,M,L,2,Sp,6,14.0758
3,M,L,2,Sp,7,12.4614
3,M,L,2,Sp,8,18.9334
3,M,L,2,Sp,9,17.3778
3,M,L,2,Sp,10,19.6426
3,M,L,1,Wc,1,0.4125
3,M,L,1,Wc,2,0.4512
3,M,L,1,Wc,3,0.421
3,M,L,1,Wc,4,0.3853
3,M,L,1,Wc,5,0.697
3,M,L,1,Wc,6,0.542
3,M,L,1,Wc,7,0.3875
3,M,L,1,Wc,8,0.7477
3,M,L,1,Wc,9,0.2148
3,M,L,1,Wc,10,0.3731
3,M,L,2,Wc,1,0.8455
3,M,L,2,Wc,2,0.3591
3,M,L,2,Wc,3,0.6938
3,M,L,2,Wc,4,0.5414
3,M,L,2,Wc,5,0.7696
3,M,L,2,Wc,6,0.4205
3,M,L,2,Wc,7,0.5538
3,M,L,2,Wc,8,0.4784
3,M,L,2,Wc,9,0.7742
3,M,L,2,Wc,10,0.1178
3,M,M,1,Lm,1,3.4296
3,M,M,1,Lm,2,4.5467
3,M,M,1,Lm,3,5.2656
3,M,M,1,Lm,4,3.9669
3,M,M,1,Lm,5,3.5023
3,M,M,1,Lm,6,2.33
3,M,M,1,Lm,7,4.396
3,M,M,1,Lm,8,3.2402
3,M,M,1,Lm,9,4.166
3,M,M,1,Lm,10,3.2636
3,M,M,2,Lm,1,4.382
3,M,M,2,Lm,2,5.0457
3,M,M,2,Lm,3,4.7543
3,M,M,2,Lm,4,4.2378
3,M,M,2,Lm,5,2.6581
3,M,M,2,Lm,6,3.1319
3,M,M,2,Lm,7,3.6124
3,M,M,2,Lm,8,3.8384
3,M,M,2,Lm,9,3.6299
3,M,M,2,Lm,10,3.5537
3,M,M,1,Rn,1,7.5625
3,M,M,1,Rn,2,9.6293
3,M,M,1,Rn,3,11.1514
3,M,M,1,Rn,4,10.3541
3,M,M,1,Rn,5,11.9878
3,M,M,1,Rn,6,3.785
3,M,M,1,Rn,7,5.7511
3,M,M,1,Rn,8,6.0857
3,M,M,1,Rn,9,3.1256
3,M,M,1,Rn,10,7.8641
3,M,M,2,Rn,1,9.6861
3,M,M,2,Rn,2,12.7281
3,M,M,2,Rn,3,5.9037
3,M,M,2,Rn,4,10.8238
3,M,M,2,Rn,5,5.1599
3,M,M,2,Rn,6,10.5803
3,M,M,2,Rn,7,5.4252
3,M,M,2,Rn,8,7.7332
3,M,M,2,Rn,9,7.6786
3,M,M,2,Rn,10,8.5448
3,M,M,1,Sp,1,22.411
3,M,M,1,Sp,2,16.7985
3,M,M,1,Sp,3,10.9308
3,M,M,1,Sp,4,15.7864
3,M,M,1,Sp,5,8.8608
3,M,M,1,Sp,6,23.2242
3,M,M,1,Sp,7,11.7564
3,M,M,1,Sp,8,6.8482
3,M,M,1,Sp,9,31.0476
3,M,M,1,Sp,10,18.7272
3,M,M,2,Sp,1,11.5301
3,M,M,2,Sp,2,24.2882
3,M,M,2,Sp,3,13.9823
3,M,M,2,Sp,4,20.8247
3,M,M,2,Sp,5,11.158
3,M,M,2,Sp,6,13.5445
3,M,M,2,Sp,7,11.0914
3,M,M,2,Sp,8,13.1241
3,M,M,2,Sp,9,18.6442
3,M,M,2,Sp,10,20.0709
3,M,M,1,Wc,1,0.6586
3,M,M,1,Wc,2,0.4865
3,M,M,1,Wc,3,0.5402
3,M,M,1,Wc,4,0.6751
3,M,M,1,Wc,5,0.6105
3,M,M,1,Wc,6,0.4745
3,M,M,1,Wc,7,0.6472
3,M,M,1,Wc,8,0.3412
3,M,M,1,Wc,9,0.5761
3,M,M,1,Wc,10,0.3253
3,M,M,2,Wc,1,0.4741
3,M,M,2,Wc,2,0.6046
3,M,M,2,Wc,3,0.6067
3,M,M,2,Wc,4,0.5232
3,M,M,2,Wc,5,0.5644
3,M,M,2,Wc,6,0.4111
3,M,M,2,Wc,7,0.3951
3,M,M,2,Wc,8,0.4122
3,M,M,2,Wc,9,0.6613
3,M,M,2,Wc,10,0.567
3,M,H,2,Lm,1,5.2368
3,M,H,2,Lm,2,3.957
3,M,H,2,Lm,3,3.1062
3,M,H,2,Lm,4,4.4691
3,M,H,2,Lm,5,3.0183
3,M,H,2,Lm,6,3.027
3,M,H,2,Lm,7,3.6964
3,M,H,2,Lm,8,4.228
3,M,H,2,Lm,9,3.0782
3,M,H,2,Lm,10,3.9217
3,M,H,1,Lm,1,4.4323
3,M,H,1,Lm,2,3.4782
3,M,H,1,Lm,3,2.9336
3,M,H,1,Lm,4,3.8163
3,M,H,1,Lm,5,3.5699
3,M,H,1,Lm,6,3.8053
3,M,H,1,Lm,7,3.6735
3,M,H,1,Lm,8,3.6124
3,M,H,1,Lm,9,2.9828
3,M,H,1,Lm,10,5.202
3,M,H,2,Rn,1,7.768
3,M,H,2,Rn,2,9.2367
3,M,H,2,Rn,3,10.4589
3,M,H,2,Rn,4,8.341
3,M,H,2,Rn,5,5.5181
3,M,H,2,Rn,6,8.562
3,M,H,2,Rn,7,5.901
3,M,H,2,Rn,8,2.5755
3,M,H,2,Rn,9,12.6154
3,M,H,2,Rn,10,2.7557
3,M,H,1,Rn,1,12.4504
3,M,H,1,Rn,2,8.5728
3,M,H,1,Rn,3,12.8572
3,M,H,1,Rn,4,5.5671
3,M,H,1,Rn,5,4.3236
3,M,H,1,Rn,6,6.7882
3,M,H,1,Rn,7,6.9885
3,M,H,1,Rn,8,5.1408
3,M,H,1,Rn,9,5.9926
3,M,H,1,Rn,10,7.4639
3,M,H,2,Sp,1,12.6953
3,M,H,2,Sp,2,11.7275
3,M,H,2,Sp,3,18.1907
3,M,H,2,Sp,4,15.2262
3,M,H,2,Sp,5,22.8226
3,M,H,2,Sp,6,22.0597
3,M,H,2,Sp,7,22.359
3,M,H,2,Sp,8,11.0487
3,M,H,2,Sp,9,8.1479
3,M,H,2,Sp,10,13.9692
3,M,H,1,Sp,1,15.6413
3,M,H,1,Sp,2,8.5009
3,M,H,1,Sp,3,31.5502
3,M,H,1,Sp,4,13.3156
3,M,H,1,Sp,5,7.7268
3,M,H,1,Sp,6,20.313
3,M,H,1,Sp,7,14.938
3,M,H,1,Sp,8,19.538
3,M,H,1,Sp,9,16.4551
3,M,H,1,Sp,10,11.799
3,M,H,2,Wc,1,0.8129
3,M,H,2,Wc,2,0.4166
3,M,H,2,Wc,3,0.6347
3,M,H,2,Wc,4,0.624
3,M,H,2,Wc,5,0.7426
3,M,H,2,Wc,6,0.4177
3,M,H,2,Wc,7,0.3275
3,M,H,2,Wc,8,0.3138
3,M,H,2,Wc,9,0.4127
3,M,H,2,Wc,10,0.4841
3,M,H,1,Wc,1,0.572
3,M,H,1,Wc,2,0.4355
3,M,H,1,Wc,3,0.4617
3,M,H,1,Wc,4,0.605
3,M,H,1,Wc,5,0.7327
3,M,H,1,Wc,6,0.6366
3,M,H,1,Wc,7,0.6603
3,M,H,1,Wc,8,0.3697
3,M,H,1,Wc,9,0.3063
3,M,H,1,Wc,10,0.4094
3,L,L,2,Lm,1,4.1741
3,L,L,2,Lm,2,2.9607
3,L,L,2,Lm,3,3.8189
3,L,L,2,Lm,4,2.5591
3,L,L,2,Lm,5,3.713
3,L,L,2,Lm,6,4.2786
3,L,L,2,Lm,7,3.1411
3,L,L,2,Lm,8,3.8344
3,L,L,2,Lm,9,4.8802
3,L,L,2,Lm,10,3.4432
3,L,L,1,Lm,1,2.9277
3,L,L,1,Lm,2,3.7061
3,L,L,1,Lm,3,3.3568
3,L,L,1,Lm,4,3.0184
3,L,L,1,Lm,5,3.0614
3,L,L,1,Lm,6,3.5739
3,L,L,1,Lm,7,5.1906
3,L,L,1,Lm,8,4.6628
3,L,L,1,Lm,9,3.594
3,L,L,1,Lm,10,5.148
3,L,L,2,Rn,1,7.3659
3,L,L,2,Rn,2,4.23
3,L,L,2,Rn,3,9.0441
3,L,L,2,Rn,4,5.3852
3,L,L,2,Rn,5,6.17
3,L,L,2,Rn,6,8.7351
3,L,L,2,Rn,7,4.6936
3,L,L,2,Rn,8,8.4356
3,L,L,2,Rn,9,5.0499
3,L,L,2,Rn,10,6.4413
3,L,L,1,Rn,1,4.4437
3,L,L,1,Rn,2,8.2021
3,L,L,1,Rn,3,14.4749
3,L,L,1,Rn,4,17.3799
3,L,L,1,Rn,5,10.6907
3,L,L,1,Rn,6,7.483
3,L,L,1,Rn,7,12.0979
3,L,L,1,Rn,8,12.9763
3,L,L,1,Rn,9,6.5799
3,L,L,1,Rn,10,10.7678
3,L,L,2,Sp,1,18.7583
3,L,L,2,Sp,2,7.8605
3,L,L,2,Sp,3,19.5043
3,L,L,2,Sp,4,16.8713
3,L,L,2,Sp,5,16.4718
3,L,L,2,Sp,6,27.414
3,L,L,2,Sp,7,19.8979
3,L,L,2,Sp,8,20.3807
3,L,L,2,Sp,9,21.7349
3,L,L,2,Sp,10,19.5303
3,L,L,1,Sp,1,22.8073
3,L,L,1,Sp,2,21.2315
3,L,L,1,Sp,3,13.4348
3,L,L,1,Sp,4,12.9663
3,L,L,1,Sp,5,18.296
3,L,L,1,Sp,6,8.1685
3,L,L,1,Sp,7,18.8474
3,L,L,1,Sp,8,8.8869
3,L,L,1,Sp,9,9.1256
3,L,L,1,Sp,10,17.3829
3,L,L,2,Wc,1,0.5529
3,L,L,2,Wc,2,0.512
3,L,L,2,Wc,3,0.6253
3,L,L,2,Wc,4,0.5097
3,L,L,2,Wc,5,0.4905
3,L,L,2,Wc,6,0.5525
3,L,L,2,Wc,7,0.4194
3,L,L,2,Wc,8,0.3213
3,L,L,2,Wc,9,0.4512
3,L,L,2,Wc,10,0.4497
3,L,L,1,Wc,1,0.3179
3,L,L,1,Wc,2,0.7282
3,L,L,1,Wc,3,0.362
3,L,L,1,Wc,4,0.5307
3,L,L,1,Wc,5,0.5337
3,L,L,1,Wc,6,0.5594
3,L,L,1,Wc,7,0.5489
3,L,L,1,Wc,8,0.8468
3,L,L,1,Wc,9,0.4578
3,L,L,1,Wc,10,0.2352
3,L,M,2,Lm,1,4.2883
3,L,M,2,Lm,2,3.0832
3,L,M,2,Lm,3,2.6024
3,L,M,2,Lm,4,2.9244
3,L,M,2,Lm,5,3.2257
3,L,M,2,Lm,6,4.3497
3,L,M,2,Lm,7,3.7156
3,L,M,2,Lm,8,4.9835
3,L,M,2,Lm,9,2.676
3,L,M,2,Lm,10,2.3835
3,L,M,1,Lm,1,2.6527
3,L,M,1,Lm,2,3.578
3,L,M,1,Lm,3,4.0457
3,L,M,1,Lm,4,2.2915
3,L,M,1,Lm,5,4.9952
3,L,M,1,Lm,6,2.7434
3,L,M,1,Lm,7,3.4351
3,L,M,1,Lm,8,3.0107
3,L,M,1,Lm,9,3.0256
3,L,M,1,Lm,10,4.1413
3,L,M,2,Rn,1,4.0794
3,L,M,2,Rn,2,7.2265
3,L,M,2,Rn,3,7.4527
3,L,M,2,Rn,4,6.8321
3,L,M,2,Rn,5,3.4021
3,L,M,2,Rn,6,9.8806
3,L,M,2,Rn,7,10.7686
3,L,M,2,Rn,8,14.534
3,L,M,2,Rn,9,10.8938
3,L,M,2,Rn,10,7.7444
3,L,M,1,Rn,1,12.1905
3,L,M,1,Rn,2,6.5761
3,L,M,1,Rn,3,8.4219
3,L,M,1,Rn,4,7.4897
3,L,M,1,Rn,5,7.6491
3,L,M,1,Rn,6,8.7066
3,L,M,1,Rn,7,7.9404
3,L,M,1,Rn,8,4.9333
3,L,M,1,Rn,9,8.1682
3,L,M,1,Rn,10,11.5342
3,L,M,2,Sp,1,23.4549
3,L,M,2,Sp,2,14.9831
3,L,M,2,Sp,3,9.2847
3,L,M,2,Sp,4,11.6128
3,L,M,2,Sp,5,9.912
3,L,M,2,Sp,6,19.1843
3,L,M,2,Sp,7,10.5854
3,L,M,2,Sp,8,22.0263
3,L,M,2,Sp,9,15.2792
3,L,M,2,Sp,10,20.2497
3,L,M,1,Sp,1,12.4988
3,L,M,1,Sp,2,22.8374
3,L,M,1,Sp,3,13.892
3,L,M,1,Sp,4,16.9074
3,L,M,1,Sp,5,17.9227
3,L,M,1,Sp,6,23.2444
3,L,M,1,Sp,7,16.436
3,L,M,1,Sp,8,15.3539
3,L,M,1,Sp,9,17.9167
3,L,M,1,Sp,10,15.3476
3,L,M,2,Wc,1,0.5405
3,L,M,2,Wc,2,0.5051
3,L,M,2,Wc,3,0.4532
3,L,M,2,Wc,4,0.6842
3,L,M,2,Wc,5,0.4151
3,L,M,2,Wc,6,0.5393
3,L,M,2,Wc,7,0.5591
3,L,M,2,Wc,8,0.4538
3,L,M,2,Wc,9,0.3441
3,L,M,2,Wc,10,0.4522
3,L,M,1,Wc,1,0.469
3,L,M,1,Wc,2,0.3477
3,L,M,1,Wc,3,0.4604
3,L,M,1,Wc,4,0.7065
3,L,M,1,Wc,5,0.3842
3,L,M,1,Wc,6,0.6301
3,L,M,1,Wc,7,0.4266
3,L,M,1,Wc,8,0.4428
3,L,M,1,Wc,9,0.6758
3,L,M,1,Wc,10,0.5771
3,L,H,1,Lm,1,4.1601
3,L,H,1,Lm,2,2.7342
3,L,H,1,Lm,3,3.0824
3,L,H,1,Lm,4,4.5131
3,L,H,1,Lm,5,3.8442
3,L,H,1,Lm,6,5.79
3,L,H,1,Lm,7,3.2405
3,L,H,1,Lm,8,4.3091
3,L,H,1,Lm,9,2.7116
3,L,H,1,Lm,10,4.0148
3,L,H,2,Lm,1,2.4015
3,L,H,2,Lm,2,3.9844
3,L,H,2,Lm,3,2.9951
3,L,H,2,Lm,4,3.5177
3,L,H,2,Lm,5,3.7944
3,L,H,2,Lm,6,4.1257
3,L,H,2,Lm,7,4.0927
3,L,H,2,Lm,8,3.245
3,L,H,2,Lm,9,3.245
3,L,H,2,Lm,10,4.1803
3,L,H,1,Rn,1,12.2644
3,L,H,1,Rn,2,16.3632
3,L,H,1,Rn,3,10.2951
3,L,H,1,Rn,4,10.4618
3,L,H,1,Rn,5,6.398
3,L,H,1,Rn,6,12.6442
3,L,H,1,Rn,7,3.6025
3,L,H,1,Rn,8,10.7199
3,L,H,1,Rn,9,6.0328
3,L,H,1,Rn,10,9.6019
3,L,H,2,Rn,1,5.1017
3,L,H,2,Rn,2,17.8601
3,L,H,2,Rn,3,5.7912
3,L,H,2,Rn,4,9.607
3,L,H,2,Rn,5,9.9817
3,L,H,2,Rn,6,9.6966
3,L,H,2,Rn,7,13.8754
3,L,H,2,Rn,8,10.5847
3,L,H,2,Rn,9,13.5631
3,L,H,2,Rn,10,8.9799
3,L,H,1,Sp,1,18.6468
3,L,H,1,Sp,2,17.4177
3,L,H,1,Sp,3,15.4525
3,L,H,1,Sp,4,15.6101
3,L,H,1,Sp,5,9.9465
3,L,H,1,Sp,6,9.1183
3,L,H,1,Sp,7,12.385
3,L,H,1,Sp,8,12.6582
3,L,H,1,Sp,9,10.3363
3,L,H,1,Sp,10,22.1135
3,L,H,2,Sp,1,26.846
3,L,H,2,Sp,2,23.2441
3,L,H,2,Sp,3,32.7804
3,L,H,2,Sp,4,23.7383
3,L,H,2,Sp,5,8.8785
3,L,H,2,Sp,6,9.3424
3,L,H,2,Sp,7,15.8936
3,L,H,2,Sp,8,12.2707
3,L,H,2,Sp,9,7.5998
3,L,H,2,Sp,10,11.1781
3,L,H,1,Wc,1,0.457
3,L,H,1,Wc,2,0.2919
3,L,H,1,Wc,3,0.51
3,L,H,1,Wc,4,0.5631
3,L,H,1,Wc,5,0.2591
3,L,H,1,Wc,6,0.4531
3,L,H,1,Wc,7,0.1514
3,L,H,1,Wc,8,0.7332
3,L,H,1,Wc,9,0.8605
3,L,H,1,Wc,10,0.3617
3,L,H,2,Wc,1,0.4314
3,L,H,2,Wc,2,0.5915
3,L,H,2,Wc,3,0.6454
3,L,H,2,Wc,4,0.6833
3,L,H,2,Wc,5,0.1825
3,L,H,2,Wc,6,0.3728
3,L,H,2,Wc,7,0.6321
3,L,H,2,Wc,8,0.3557
3,L,H,2,Wc,9,0.424
3,L,H,2,Wc,10,0.497
5,H,L,2,Lm,1,3.2417
5,H,L,2,Lm,2,3.5181
5,H,L,2,Lm,3,3.0844
5,H,L,2,Lm,4,2.7702
5,H,L,2,Lm,5,3.7339
5,H,L,2,Lm,6,3.4756
5,H,L,2,Lm,7,4.3489
5,H,L,2,Lm,8,3.1956
5,H,L,2,Lm,9,3.428
5,H,L,2,Lm,10,3.58
5,H,L,1,Lm,1,5.0299
5,H,L,1,Lm,2,3.6952
5,H,L,1,Lm,3,3.1752
5,H,L,1,Lm,4,3.2668
5,H,L,1,Lm,5,2.0354
5,H,L,1,Lm,6,3.5112
5,H,L,1,Lm,7,3.7992
5,H,L,1,Lm,8,4.2708
5,H,L,1,Lm,9,3.34
5,H,L,1,Lm,10,3.9187
5,H,L,2,Rn,1,4.7
5,H,L,2,Rn,2,6.3751
5,H,L,2,Rn,3,6.2224
5,H,L,2,Rn,4,6.4473
5,H,L,2,Rn,5,6.1789
5,H,L,2,Rn,6,4.2778
5,H,L,2,Rn,7,2.2896
5,H,L,2,Rn,8,3.3963
5,H,L,2,Rn,9,6.7832
5,H,L,2,Rn,10,4.935
5,H,L,1,Rn,1,11.4264
5,H,L,1,Rn,2,6.1589
5,H,L,1,Rn,3,8.7025
5,H,L,1,Rn,4,5.8581
5,H,L,1,Rn,5,7.5785
5,H,L,1,Rn,6,8.2445
5,H,L,1,Rn,7,7.0557
5,H,L,1,Rn,8,5.8807
5,H,L,1,Rn,9,5.5954
5,H,L,1,Rn,10,5.7438
5,H,L,2,Sp,1,13.8892
5,H,L,2,Sp,2,18.2278
5,H,L,2,Sp,3,15.8003
5,H,L,2,Sp,4,12.809
5,H,L,2,Sp,5,13.001
5,H,L,2,Sp,6,7.286
5,H,L,2,Sp,7,10.7288
5,H,L,2,Sp,8,16.4182
5,H,L,2,Sp,9,11.5854
5,H,L,2,Sp,10,14.434
5,H,L,1,Sp,1,10.4809
5,H,L,1,Sp,2,14.2482
5,H,L,1,Sp,3,10.5107
5,H,L,1,Sp,4,9.1526
5,H,L,1,Sp,5,8.3033
5,H,L,1,Sp,6,11.3013
5,H,L,1,Sp,7,14.9118
5,H,L,1,Sp,8,20.3051
5,H,L,1,Sp,9,23.4159
5,H,L,1,Sp,10,16.0983
5,H,L,2,Wc,1,0.5316
5,H,L,2,Wc,2,0.4336
5,H,L,2,Wc,3,0.3013
5,H,L,2,Wc,4,0.426
5,H,L,2,Wc,5,0.3877
5,H,L,2,Wc,6,0.4061
5,H,L,2,Wc,7,0.3284
5,H,L,2,Wc,8,0.3284
5,H,L,2,Wc,9,0.3362
5,H,L,2,Wc,10,0.4628
5,H,L,1,Wc,1,0.3947
5,H,L,1,Wc,2,0.4614
5,H,L,1,Wc,3,0.3541
5,H,L,1,Wc,4,0.4876
5,H,L,1,Wc,5,0.3797
5,H,L,1,Wc,6,0.3967
5,H,L,1,Wc,7,0.4512
5,H,L,1,Wc,8,0.3973
5,H,L,1,Wc,9,0.3463
5,H,L,1,Wc,10,0.3827
5,H,M,1,Lm,1,4.128
5,H,M,1,Lm,2,3.5081
5,H,M,1,Lm,3,3.174
5,H,M,1,Lm,4,3.8478
5,H,M,1,Lm,5,3.5073
5,H,M,1,Lm,6,3.8352
5,H,M,1,Lm,7,3.9206
5,H,M,1,Lm,8,2.796
5,H,M,1,Lm,9,4.6126
5,H,M,1,Lm,10,3.0693
5,H,M,2,Lm,1,2.7487
5,H,M,2,Lm,2,5.0033
5,H,M,2,Lm,3,3.5003
5,H,M,2,Lm,4,3.891
5,H,M,2,Lm,5,2.7555
5,H,M,2,Lm,6,2.277
5,H,M,2,Lm,7,3.9314
5,H,M,2,Lm,8,3.9586
5,H,M,2,Lm,9,4.7759
5,H,M,2,Lm,10,3.8925
5,H,M,1,Rn,1,6.996
5,H,M,1,Rn,2,4.6934
5,H,M,1,Rn,3,10.7155
5,H,M,1,Rn,4,7.7265
5,H,M,1,Rn,5,3.6242
5,H,M,1,Rn,6,8.2659
5,H,M,1,Rn,7,4.6943
5,H,M,1,Rn,8,6.5334
5,H,M,1,Rn,9,4.9195
5,H,M,1,Rn,10,4.8575
5,H,M,2,Rn,1,9.8035
5,H,M,2,Rn,2,6.1487
5,H,M,2,Rn,3,6.4583
5,H,M,2,Rn,4,2.3438
5,H,M,2,Rn,5,4.5177
5,H,M,2,Rn,6,10.1942
5,H,M,2,Rn,7,3.5722
5,H,M,2,Rn,8,2.8433
5,H,M,2,Rn,9,3.2724
5,H,M,2,Rn,10,12.9399
5,H,M,1,Sp,1,16.55
5,H,M,1,Sp,2,10.5387
5,H,M,1,Sp,3,18.1355
5,H,M,1,Sp,4,18.2946
5,H,M,1,Sp,5,15.0509
5,H,M,1,Sp,6,17.941
5,H,M,1,Sp,7,10.0938
5,H,M,1,Sp,8,8.1476
5,H,M,1,Sp,9,14.5144
5,H,M,1,Sp,10,22.5284
5,H,M,2,Sp,1,12.4613
5,H,M,2,Sp,2,14.4142
5,H,M,2,Sp,3,8.5323
5,H,M,2,Sp,4,10.2895
5,H,M,2,Sp,5,12.8938
5,H,M,2,Sp,6,9.5547
5,H,M,2,Sp,7,15.8865
5,H,M,2,Sp,8,8.8502
5,H,M,2,Sp,9,14.5494
5,H,M,2,Sp,10,4.3761
5,H,M,1,Wc,1,0.5917
5,H,M,1,Wc,2,0.3903
5,H,M,1,Wc,3,0.347
5,H,M,1,Wc,4,0.3786
5,H,M,1,Wc,5,0.3284
5,H,M,1,Wc,6,0.3001
5,H,M,1,Wc,7,0.283
5,H,M,1,Wc,8,0.3774
5,H,M,1,Wc,9,0.3806
5,H,M,1,Wc,10,0.3163
5,H,M,2,Wc,1,0.391
5,H,M,2,Wc,2,0.531
5,H,M,2,Wc,3,0.4357
5,H,M,2,Wc,4,0.4044
5,H,M,2,Wc,5,0.5881
5,H,M,2,Wc,6,0.4838
5,H,M,2,Wc,7,0.4385
5,H,M,2,Wc,8,0.4605
5,H,M,2,Wc,9,0.4873
5,H,M,2,Wc,10,0.3815
5,H,H,1,Lm,1,3.119
5,H,H,1,Lm,2,3.5788
5,H,H,1,Lm,3,4.1181
5,H,H,1,Lm,4,3.626
5,H,H,1,Lm,5,2.4225
5,H,H,1,Lm,6,3.0218
5,H,H,1,Lm,7,3.3403
5,H,H,1,Lm,8,4.9759
5,H,H,1,Lm,9,4.2858
5,H,H,1,Lm,10,2.5824
5,H,H,2,Lm,1,4.5159
5,H,H,2,Lm,2,3.3644
5,H,H,2,Lm,3,3.2208
5,H,H,2,Lm,4,3.0699
5,H,H,2,Lm,5,3.1817
5,H,H,2,Lm,6,3.2064
5,H,H,2,Lm,7,2.0986
5,H,H,2,Lm,8,3.1438
5,H,H,2,Lm,9,4.7093
5,H,H,2,Lm,10,5.4131
5,H,H,1,Rn,1,3.9224
5,H,H,1,Rn,2,8.7807
5,H,H,1,Rn,3,8.7085
5,H,H,1,Rn,4,6.7138
5,H,H,1,Rn,5,4.1731
5,H,H,1,Rn,6,8.1603
5,H,H,1,Rn,7,7.9605
5,H,H,1,Rn,8,4.8176
5,H,H,1,Rn,9,8.0101
5,H,H,1,Rn,10,4.3437
5,H,H,2,Rn,1,6.3277
5,H,H,2,Rn,2,10.2155
5,H,H,2,Rn,3,7.187
5,H,H,2,Rn,4,4.3813
5,H,H,2,Rn,5,5.3493
5,H,H,2,Rn,6,9.0145
5,H,H,2,Rn,7,10.2293
5,H,H,2,Rn,8,6.4838
5,H,H,2,Rn,9,6.7897
5,H,H,2,Rn,10,4.1648
5,H,H,1,Sp,1,17.5268
5,H,H,1,Sp,2,11.0936
5,H,H,1,Sp,3,8.2546
5,H,H,1,Sp,4,7.5688
5,H,H,1,Sp,5,4.627
5,H,H,1,Sp,6,13.6171
5,H,H,1,Sp,7,7.4399
5,H,H,1,Sp,8,11.0839
5,H,H,1,Sp,9,16.8225
5,H,H,1,Sp,10,6.5662
5,H,H,2,Sp,1,10.6796
5,H,H,2,Sp,2,22.1224
5,H,H,2,Sp,3,17.7283
5,H,H,2,Sp,4,12.8347
5,H,H,2,Sp,5,12.5646
5,H,H,2,Sp,6,16.0468
5,H,H,2,Sp,7,10.0665
5,H,H,2,Sp,8,11.7116
5,H,H,2,Sp,9,14.7227
5,H,H,2,Sp,10,14.9932
5,H,H,1,Wc,1,0.4728
5,H,H,1,Wc,2,0.417
5,H,H,1,Wc,3,0.3269
5,H,H,1,Wc,4,0.383
5,H,H,1,Wc,5,0.3686
5,H,H,1,Wc,6,0.394
5,H,H,1,Wc,7,0.2914
5,H,H,1,Wc,8,0.3961
5,H,H,1,Wc,9,0.3116
5,H,H,1,Wc,10,0.497
5,H,H,2,Wc,1,0.2905
5,H,H,2,Wc,2,0.3747
5,H,H,2,Wc,3,0.3665
5,H,H,2,Wc,4,0.3319
5,H,H,2,Wc,5,0.3738
5,H,H,2,Wc,6,0.4181
5,H,H,2,Wc,7,0.439
5,H,H,2,Wc,8,0.3816
5,H,H,2,Wc,9,0.3735
5,H,H,2,Wc,10,0.2259
5,M,L,1,Lm,1,3.8479
5,M,L,1,Lm,2,4.2572
5,M,L,1,Lm,3,4.0097
5,M,L,1,Lm,4,2.3028
5,M,L,1,Lm,5,4.0814
5,M,L,1,Lm,6,3.8724
5,M,L,1,Lm,7,4.7191
5,M,L,1,Lm,8,4.4019
5,M,L,1,Lm,9,3.7205
5,M,L,1,Lm,10,3.2678
5,M,L,2,Lm,1,3.7059
5,M,L,2,Lm,2,3.7016
5,M,L,2,Lm,3,4.1268
5,M,L,2,Lm,4,5.2281
5,M,L,2,Lm,5,2.9457
5,M,L,2,Lm,6,2.9246
5,M,L,2,Lm,7,3.4109
5,M,L,2,Lm,8,4.2636
5,M,L,2,Lm,9,2.9661
5,M,L,2,Lm,10,4.2549
5,M,L,1,Rn,1,17.6003
5,M,L,1,Rn,2,20.9171
5,M,L,1,Rn,3,6.9061
5,M,L,1,Rn,4,5.7311
5,M,L,1,Rn,5,10.8455
5,M,L,1,Rn,6,17.9801
5,M,L,1,Rn,7,19.0982
5,M,L,1,Rn,8,15.978
5,M,L,1,Rn,9,6.3239
5,M,L,1,Rn,10,8.2894
5,M,L,2,Rn,1,9.4888
5,M,L,2,Rn,2,10.5852
5,M,L,2,Rn,3,12.4224
5,M,L,2,Rn,4,7.3166
5,M,L,2,Rn,5,17.2389
5,M,L,2,Rn,6,11.0086
5,M,L,2,Rn,7,7.9956
5,M,L,2,Rn,8,10.7669
5,M,L,2,Rn,9,18.3938
5,M,L,2,Rn,10,14.7396
5,M,L,1,Sp,1,22.0398
5,M,L,1,Sp,2,8.5158
5,M,L,1,Sp,3,13.0615
5,M,L,1,Sp,4,20.7171
5,M,L,1,Sp,5,15.1157
5,M,L,1,Sp,6,12.8737
5,M,L,1,Sp,7,10.7895
5,M,L,1,Sp,8,19.4577
5,M,L,1,Sp,9,9.634
5,M,L,1,Sp,10,15.9277
5,M,L,2,Sp,1,13.1814
5,M,L,2,Sp,2,13.5604
5,M,L,2,Sp,3,14.7543
5,M,L,2,Sp,4,10.7291
5,M,L,2,Sp,5,16.9795
5,M,L,2,Sp,6,28.7736
5,M,L,2,Sp,7,3.0679
5,M,L,2,Sp,8,4.3238
5,M,L,2,Sp,9,7.0982
5,M,L,2,Sp,10,13.4766
5,M,L,1,Wc,1,0.5875
5,M,L,1,Wc,2,0.2386
5,M,L,1,Wc,3,0.4872
5,M,L,1,Wc,4,0.4827
5,M,L,1,Wc,5,0.652
5,M,L,1,Wc,6,0.346
5,M,L,1,Wc,7,0.5264
5,M,L,1,Wc,8,0.3183
5,M,L,1,Wc,9,0.3661
5,M,L,1,Wc,10,0.4501
5,M,L,2,Wc,1,0.4691
5,M,L,2,Wc,2,0.2124
5,M,L,2,Wc,3,0.3722
5,M,L,2,Wc,4,0.4326
5,M,L,2,Wc,5,0.4175
5,M,L,2,Wc,6,0.5416
5,M,L,2,Wc,7,0.6575
5,M,L,2,Wc,8,0.2898
5,M,L,2,Wc,9,0.3175
5,M,L,2,Wc,10,0.2365
5,M,M,1,Lm,1,4.3055
5,M,M,1,Lm,2,4.391
5,M,M,1,Lm,3,3.1412
5,M,M,1,Lm,4,3.9841
5,M,M,1,Lm,5,3.2385
5,M,M,1,Lm,6,2.8669
5,M,M,1,Lm,7,2.4024
5,M,M,1,Lm,8,3.1795
5,M,M,1,Lm,9,3.9214
5,M,M,1,Lm,10,5.0159
5,M,M,2,Lm,1,5.4487
5,M,M,2,Lm,2,4.1244
5,M,M,2,Lm,3,2.6767
5,M,M,2,Lm,4,5.4354
5,M,M,2,Lm,5,4.6101
5,M,M,2,Lm,6,4.8743
5,M,M,2,Lm,7,4.5111
5,M,M,2,Lm,8,2.2049
5,M,M,2,Lm,9,3.6914
5,M,M,2,Lm,10,3.3669
5,M,M,1,Rn,1,11.636
5,M,M,1,Rn,2,13.8578
5,M,M,1,Rn,3,14.0939
5,M,M,1,Rn,4,12.6107
5,M,M,1,Rn,5,13.4503
5,M,M,1,Rn,6,5.6428
5,M,M,1,Rn,7,18.8556
5,M,M,1,Rn,8,7.6876
5,M,M,1,Rn,9,11.0368
5,M,M,1,Rn,10,15.5459
5,M,M,2,Rn,1,9.7277
5,M,M,2,Rn,2,9.9495
5,M,M,2,Rn,3,10.055
5,M,M,2,Rn,4,13.6351
5,M,M,2,Rn,5,19.2266
5,M,M,2,Rn,6,15.6433
5,M,M,2,Rn,7,7.2187
5,M,M,2,Rn,8,8.1121
5,M,M,2,Rn,9,17.5063
5,M,M,2,Rn,10,6.4709
5,M,M,1,Sp,1,13.1959
5,M,M,1,Sp,2,17.186
5,M,M,1,Sp,3,16.5811
5,M,M,1,Sp,4,13.7074
5,M,M,1,Sp,5,18.6017
5,M,M,1,Sp,6,22.2034
5,M,M,1,Sp,7,10.2142
5,M,M,1,Sp,8,19.7346
5,M,M,1,Sp,9,9.8308
5,M,M,1,Sp,10,9.2841
5,M,M,2,Sp,1,23.9119
5,M,M,2,Sp,2,15.4345
5,M,M,2,Sp,3,22.3265
5,M,M,2,Sp,4,23.9142
5,M,M,2,Sp,5,7.9662
5,M,M,2,Sp,6,13.6233
5,M,M,2,Sp,7,10.4566
5,M,M,2,Sp,8,15.4017
5,M,M,2,Sp,9,7.4154
5,M,M,2,Sp,10,8.5378
5,M,M,1,Wc,1,0.2943
5,M,M,1,Wc,2,0.4398
5,M,M,1,Wc,3,0.3409
5,M,M,1,Wc,4,0.3338
5,M,M,1,Wc,5,0.5142
5,M,M,1,Wc,6,0.2992
5,M,M,1,Wc,7,0.3673
5,M,M,1,Wc,8,0.3399
5,M,M,1,Wc,9,0.3585
5,M,M,1,Wc,10,0.3353
5,M,M,2,Wc,1,0.5937
5,M,M,2,Wc,2,0.4783
5,M,M,2,Wc,3,0.5655
5,M,M,2,Wc,4,0.6312
5,M,M,2,Wc,5,0.4541
5,M,M,2,Wc,6,0.397
5,M,M,2,Wc,7,0.4245
5,M,M,2,Wc,8,0.3958
5,M,M,2,Wc,9,0.3741
5,M,M,2,Wc,10,0.4731
5,M,H,2,Lm,1,4.6016
5,M,H,2,Lm,2,3.7172
5,M,H,2,Lm,3,3.1128
5,M,H,2,Lm,4,3.2698
5,M,H,2,Lm,5,4.4357
5,M,H,2,Lm,6,4.8182
5,M,H,2,Lm,7,4.4919
5,M,H,2,Lm,8,5.6475
5,M,H,2,Lm,9,5.1048
5,M,H,2,Lm,10,4.9613
5,M,H,1,Lm,1,3.8298
5,M,H,1,Lm,2,5.0542
5,M,H,1,Lm,3,3.4414
5,M,H,1,Lm,4,4.0937
5,M,H,1,Lm,5,4.5902
5,M,H,1,Lm,6,3.0652
5,M,H,1,Lm,7,3.038
5,M,H,1,Lm,8,3.211
5,M,H,1,Lm,9,6.6911
5,M,H,1,Lm,10,3.0465
5,M,H,2,Rn,1,14.4761
5,M,H,2,Rn,2,15.2765
5,M,H,2,Rn,3,9.6045
5,M,H,2,Rn,4,11.9325
5,M,H,2,Rn,5,8.5883
5,M,H,2,Rn,6,11.4177
5,M,H,2,Rn,7,10.6323
5,M,H,2,Rn,8,17.0535
5,M,H,2,Rn,9,14.7473
5,M,H,2,Rn,10,13.8793
5,M,H,1,Rn,1,9.4898
5,M,H,1,Rn,2,14.1906
5,M,H,1,Rn,3,18.0861
5,M,H,1,Rn,4,18.116
5,M,H,1,Rn,5,11.4531
5,M,H,1,Rn,6,11.6609
5,M,H,1,Rn,7,21.3809
5,M,H,1,Rn,8,14.4832
5,M,H,1,Rn,9,10.5667
5,M,H,1,Rn,10,11.4585
5,M,H,2,Sp,1,19.455
5,M,H,2,Sp,2,19.7482
5,M,H,2,Sp,3,10.023
5,M,H,2,Sp,4,9.3791
5,M,H,2,Sp,5,12.5272
5,M,H,2,Sp,6,11.1592
5,M,H,2,Sp,7,15.5193
5,M,H,2,Sp,8,19.6502
5,M,H,2,Sp,9,19.3315
5,M,H,2,Sp,10,18.418
5,M,H,1,Sp,1,28.7256
5,M,H,1,Sp,2,9.6156
5,M,H,1,Sp,3,13.8054
5,M,H,1,Sp,4,17.2912
5,M,H,1,Sp,5,21.8744
5,M,H,1,Sp,6,21.4427
5,M,H,1,Sp,7,6.3609
5,M,H,1,Sp,8,9.9719
5,M,H,1,Sp,9,22.9681
5,M,H,1,Sp,10,11.6192
5,M,H,2,Wc,1,0.3157
5,M,H,2,Wc,2,0.438
5,M,H,2,Wc,3,0.5776
5,M,H,2,Wc,4,0.2989
5,M,H,2,Wc,5,0.3917
5,M,H,2,Wc,6,0.6151
5,M,H,2,Wc,7,0.2111
5,M,H,2,Wc,8,0.209
5,M,H,2,Wc,9,0.2456
5,M,H,2,Wc,10,0.6242
5,M,H,1,Wc,1,0.4766
5,M,H,1,Wc,2,0.3216
5,M,H,1,Wc,3,0.458
5,M,H,1,Wc,4,0.3297
5,M,H,1,Wc,5,0.5445
5,M,H,1,Wc,6,0.4781
5,M,H,1,Wc,7,0.5485
5,M,H,1,Wc,8,0.4691
5,M,H,1,Wc,9,0.5569
5,M,H,1,Wc,10,0.3976
5,L,L,2,Lm,1,3.1403
5,L,L,2,Lm,2,4.8765
5,L,L,2,Lm,3,1.8147
5,L,L,2,Lm,4,2.9286
5,L,L,2,Lm,5,4.4115
5,L,L,2,Lm,6,4.7659
5,L,L,2,Lm,7,5.6496
5,L,L,2,Lm,8,4.9188
5,L,L,2,Lm,9,4.3962
5,L,L,2,Lm,10,5.2536
5,L,L,1,Lm,1,5.1606
5,L,L,1,Lm,2,4.8189
5,L,L,1,Lm,3,2.1676
5,L,L,1,Lm,4,3.1277
5,L,L,1,Lm,5,3.1848
5,L,L,1,Lm,6,4.0495
5,L,L,1,Lm,7,4.2846
5,L,L,1,Lm,8,4.9524
5,L,L,1,Lm,9,4.6503
5,L,L,1,Lm,10,4.1119
5,L,L,2,Rn,1,11.853
5,L,L,2,Rn,2,13.5354
5,L,L,2,Rn,3,23.6311
5,L,L,2,Rn,4,29.0602
5,L,L,2,Rn,5,23.224
5,L,L,2,Rn,6,11.9493
5,L,L,2,Rn,7,17.4915
5,L,L,2,Rn,8,19.315
5,L,L,2,Rn,9,20.9834
5,L,L,2,Rn,10,10.4044
5,L,L,1,Rn,1,14.1272
5,L,L,1,Rn,2,18.3338
5,L,L,1,Rn,3,31.5709
5,L,L,1,Rn,4,15.3111
5,L,L,1,Rn,5,15.6503
5,L,L,1,Rn,6,27.2792
5,L,L,1,Rn,7,11.812
5,L,L,1,Rn,8,20.5485
5,L,L,1,Rn,9,16.8693
5,L,L,1,Rn,10,20.199
5,L,L,2,Sp,1,24.7772
5,L,L,2,Sp,2,4.8593
5,L,L,2,Sp,3,15.4454
5,L,L,2,Sp,4,14.9382
5,L,L,2,Sp,5,17.5594
5,L,L,2,Sp,6,14.6957
5,L,L,2,Sp,7,9.9402
5,L,L,2,Sp,8,14.3321
5,L,L,2,Sp,9,19.3197
5,L,L,2,Sp,10,15.7524
5,L,L,1,Sp,1,20.2402
5,L,L,1,Sp,2,16.7937
5,L,L,1,Sp,3,5.6757
5,L,L,1,Sp,4,8.2384
5,L,L,1,Sp,5,22.1018
5,L,L,1,Sp,6,7.6802
5,L,L,1,Sp,7,8.9276
5,L,L,1,Sp,8,13.6372
5,L,L,1,Sp,9,10.8805
5,L,L,1,Sp,10,14.6225
5,L,L,2,Wc,1,0.3709
5,L,L,2,Wc,2,0.2637
5,L,L,2,Wc,3,0.5327
5,L,L,2,Wc,4,0.4968
5,L,L,2,Wc,5,0.2105
5,L,L,2,Wc,6,0.3707
5,L,L,2,Wc,7,0.339
5,L,L,2,Wc,8,0.5028
5,L,L,2,Wc,9,0.3892
5,L,L,2,Wc,10,0.1984
5,L,L,1,Wc,1,0.6267
5,L,L,1,Wc,2,0.3052
5,L,L,1,Wc,3,0.4797
5,L,L,1,Wc,4,0.2882
5,L,L,1,Wc,5,0.3654
5,L,L,1,Wc,6,0.6873
5,L,L,1,Wc,7,0.416
5,L,L,1,Wc,8,0.3823
5,L,L,1,Wc,9,0.3027
5,L,L,1,Wc,10,0.4585
5,L,M,2,Lm,1,4.2042
5,L,M,2,Lm,2,2.7811
5,L,M,2,Lm,3,7.3094
5,L,M,2,Lm,4,4.5842
5,L,M,2,Lm,5,4.4494
5,L,M,2,Lm,6,5.3018
5,L,M,2,Lm,7,2.3839
5,L,M,2,Lm,8,4.8182
5,L,M,2,Lm,9,2.2481
5,L,M,2,Lm,10,3.5455
5,L,M,1,Lm,1,3.3819
5,L,M,1,Lm,2,5.6328
5,L,M,1,Lm,3,4.3843
5,L,M,1,Lm,4,1.9912
5,L,M,1,Lm,5,2.6614
5,L,M,1,Lm,6,4.0698
5,L,M,1,Lm,7,3.8738
5,L,M,1,Lm,8,4.608
5,L,M,1,Lm,9,5.5418
5,L,M,1,Lm,10,3.0375
5,L,M,2,Rn,1,14.8258
5,L,M,2,Rn,2,15.1491
5,L,M,2,Rn,3,15.6956
5,L,M,2,Rn,4,10.6388
5,L,M,2,Rn,5,19.7634
5,L,M,2,Rn,6,28.5219
5,L,M,2,Rn,7,36.0647
5,L,M,2,Rn,8,32.2124
5,L,M,2,Rn,9,13.9524
5,L,M,2,Rn,10,8.7671
5,L,M,1,Rn,1,15.123
5,L,M,1,Rn,2,7.708
5,L,M,1,Rn,3,28.7694
5,L,M,1,Rn,4,15.8559
5,L,M,1,Rn,5,15.2765
5,L,M,1,Rn,6,23.97
5,L,M,1,Rn,7,15.9968
5,L,M,1,Rn,8,8.8801
5,L,M,1,Rn,9,33.6655
5,L,M,1,Rn,10,20.7263
5,L,M,2,Sp,1,13.3911
5,L,M,2,Sp,2,11.6417
5,L,M,2,Sp,3,23.5722
5,L,M,2,Sp,4,10.4057
5,L,M,2,Sp,5,7.5477
5,L,M,2,Sp,6,12.3049
5,L,M,2,Sp,7,16.0876
5,L,M,2,Sp,8,9.274
5,L,M,2,Sp,9,12.7509
5,L,M,2,Sp,10,13.2006
5,L,M,1,Sp,1,10.72
5,L,M,1,Sp,2,7.2709
5,L,M,1,Sp,3,22.7413
5,L,M,1,Sp,4,17.6
5,L,M,1,Sp,5,13.323
5,L,M,1,Sp,6,17.8229
5,L,M,1,Sp,7,19.1714
5,L,M,1,Sp,8,23.0235
5,L,M,1,Sp,9,16.4854
5,L,M,1,Sp,10,9.7052
5,L,M,2,Wc,1,0.6765
5,L,M,2,Wc,2,0.255
5,L,M,2,Wc,3,0.3756
5,L,M,2,Wc,4,0.207
5,L,M,2,Wc,5,0.3838
5,L,M,2,Wc,6,0.468
5,L,M,2,Wc,7,0.2899
5,L,M,2,Wc,8,0.4457
5,L,M,2,Wc,9,0.4676
5,L,M,2,Wc,10,0.2591
5,L,M,1,Wc,1,0.498
5,L,M,1,Wc,2,0.344
5,L,M,1,Wc,3,0.5737
5,L,M,1,Wc,4,0.3715
5,L,M,1,Wc,5,0.3796
5,L,M,1,Wc,6,0.7229
5,L,M,1,Wc,7,0.4138
5,L,M,1,Wc,8,0.3963
5,L,M,1,Wc,9,0.5502
5,L,M,1,Wc,10,0.1427
5,L,H,1,Lm,1,7.6079
5,L,H,1,Lm,2,4.0722
5,L,H,1,Lm,3,5.2924
5,L,H,1,Lm,4,2.8254
5,L,H,1,Lm,5,4.8867
5,L,H,1,Lm,6,5.0747
5,L,H,1,Lm,7,4.4237
5,L,H,1,Lm,8,4.8612
5,L,H,1,Lm,9,2.8825
5,L,H,1,Lm,10,4.7625
5,L,H,2,Lm,1,2.6712
5,L,H,2,Lm,2,4.0001
5,L,H,2,Lm,3,5.1653
5,L,H,2,Lm,4,3.7927
5,L,H,2,Lm,5,3.5358
5,L,H,2,Lm,6,4.3433
5,L,H,2,Lm,7,4.6353
5,L,H,2,Lm,8,5.3117
5,L,H,2,Lm,9,4.9099
5,L,H,2,Lm,10,2.2413
5,L,H,1,Rn,1,34.3896
5,L,H,1,Rn,2,20.5293
5,L,H,1,Rn,3,29.7094
5,L,H,1,Rn,4,30.6584
5,L,H,1,Rn,5,8.8226
5,L,H,1,Rn,6,11.6677
5,L,H,1,Rn,7,17.6983
5,L,H,1,Rn,8,28.1138
5,L,H,1,Rn,9,19.9642
5,L,H,1,Rn,10,11.9861
5,L,H,2,Rn,1,13.4756
5,L,H,2,Rn,2,16.9023
5,L,H,2,Rn,3,21.9972
5,L,H,2,Rn,4,6.1122
5,L,H,2,Rn,5,14.4097
5,L,H,2,Rn,6,18.3456
5,L,H,2,Rn,7,30.591
5,L,H,2,Rn,8,11.3229
5,L,H,2,Rn,9,30.2612
5,L,H,2,Rn,10,26.2886
5,L,H,1,Sp,1,13.5853
5,L,H,1,Sp,2,13.357
5,L,H,1,Sp,3,12.6232
5,L,H,1,Sp,4,16.891
5,L,H,1,Sp,5,16.3504
5,L,H,1,Sp,6,18.4595
5,L,H,1,Sp,7,12.58
5,L,H,1,Sp,8,18.4877
5,L,H,1,Sp,9,11.0573
5,L,H,1,Sp,10,10.654
5,L,H,2,Sp,1,15.2645
5,L,H,2,Sp,2,18.8136
5,L,H,2,Sp,3,16.8015
5,L,H,2,Sp,4,14.9867
5,L,H,2,Sp,5,16.0213
5,L,H,2,Sp,6,13.4447
5,L,H,2,Sp,7,14.2209
5,L,H,2,Sp,8,12.6021
5,L,H,2,Sp,9,13.8325
5,L,H,2,Sp,10,9.1743
5,L,H,1,Wc,1,0.4569
5,L,H,1,Wc,2,0.353
5,L,H,1,Wc,3,0.4129
5,L,H,1,Wc,4,0.3678
5,L,H,1,Wc,5,0.4753
5,L,H,1,Wc,6,0.4274
5,L,H,1,Wc,7,0.534
5,L,H,1,Wc,8,0.3669
5,L,H,1,Wc,9,0.3836
5,L,H,1,Wc,10,0.3505
5,L,H,2,Wc,1,0.4256
5,L,H,2,Wc,2,0.4568
5,L,H,2,Wc,3,0.6
5,L,H,2,Wc,4,0.579
5,L,H,2,Wc,5,0.3372
5,L,H,2,Wc,6,0.4652
5,L,H,2,Wc,7,0.3816
5,L,H,2,Wc,8,0.3533
5,L,H,2,Wc,9,0.4702
5,L,H,2,Wc,10,0.4071
7,H,L,2,Lm,1,2.2969
7,H,L,2,Lm,2,3.817
7,H,L,2,Lm,3,4.0415
7,H,L,2,Lm,4,2.9307
7,H,L,2,Lm,5,3.3289
7,H,L,2,Lm,6,2.9449
7,H,L,2,Lm,7,3.458
7,H,L,2,Lm,8,4.8351
7,H,L,2,Lm,9,3.6352
7,H,L,2,Lm,10,3.7713
7,H,L,1,Lm,1,2.2606
7,H,L,1,Lm,2,2.8426
7,H,L,1,Lm,3,4.2524
7,H,L,1,Lm,4,5.5345
7,H,L,1,Lm,5,3.5773
7,H,L,1,Lm,6,3.9215
7,H,L,1,Lm,7,3.4181
7,H,L,1,Lm,8,3.548
7,H,L,1,Lm,9,3.3761
7,H,L,1,Lm,10,2.4161
7,H,L,2,Rn,1,6.4329
7,H,L,2,Rn,2,3.4421
7,H,L,2,Rn,3,2.8512
7,H,L,2,Rn,4,6.0152
7,H,L,2,Rn,5,8.9985
7,H,L,2,Rn,6,4.5069
7,H,L,2,Rn,7,4.6118
7,H,L,2,Rn,8,4.4535
7,H,L,2,Rn,9,5.3324
7,H,L,2,Rn,10,11.6567
7,H,L,1,Rn,1,4.9657
7,H,L,1,Rn,2,7.3765
7,H,L,1,Rn,3,4.5658
7,H,L,1,Rn,4,9.9867
7,H,L,1,Rn,5,6.1965
7,H,L,1,Rn,6,5.2354
7,H,L,1,Rn,7,4.3679
7,H,L,1,Rn,8,6.3943
7,H,L,1,Rn,9,6.9053
7,H,L,1,Rn,10,5.5663
7,H,L,2,Sp,1,5.066
7,H,L,2,Sp,2,21.5972
7,H,L,2,Sp,3,10.8336
7,H,L,2,Sp,4,5.4135
7,H,L,2,Sp,5,7.2815
7,H,L,2,Sp,6,13.8284
7,H,L,2,Sp,7,15.8962
7,H,L,2,Sp,8,14.3076
7,H,L,2,Sp,9,13.5409
7,H,L,2,Sp,10,5.65
7,H,L,1,Sp,1,5.2724
7,H,L,1,Sp,2,5.7178
7,H,L,1,Sp,3,5.9929
7,H,L,1,Sp,4,11.4557
7,H,L,1,Sp,5,6.8108
7,H,L,1,Sp,6,13.4612
7,H,L,1,Sp,7,5.1189
7,H,L,1,Sp,8,5.4005
7,H,L,1,Sp,9,6.5153
7,H,L,1,Sp,10,11.1537
7,H,L,2,Wc,1,0.477
7,H,L,2,Wc,2,0.3255
7,H,L,2,Wc,3,0.3685
7,H,L,2,Wc,4,0.1714
7,H,L,2,Wc,5,0.4937
7,H,L,2,Wc,6,0.3879
7,H,L,2,Wc,7,0.3568
7,H,L,2,Wc,8,0.3828
7,H,L,2,Wc,9,0.3439
7,H,L,2,Wc,10,0.1834
7,H,L,1,Wc,1,0.3396
7,H,L,1,Wc,2,0.2791
7,H,L,1,Wc,3,0.1751
7,H,L,1,Wc,4,0.1806
7,H,L,1,Wc,5,0.335
7,H,L,1,Wc,6,0.1493
7,H,L,1,Wc,7,0.3382
7,H,L,1,Wc,8,0.2782
7,H,L,1,Wc,9,0.3042
7,H,L,1,Wc,10,0.3586
7,H,M,1,Lm,1,3.7526
7,H,M,1,Lm,2,4.4647
7,H,M,1,Lm,3,4.5306
7,H,M,1,Lm,4,2.6047
7,H,M,1,Lm,5,4.4827
7,H,M,1,Lm,6,3.8291
7,H,M,1,Lm,7,3.1892
7,H,M,1,Lm,8,3.2178
7,H,M,1,Lm,9,4.3273
7,H,M,1,Lm,10,2.0564
7,H,M,2,Lm,1,3.066
7,H,M,2,Lm,2,3.4853
7,H,M,2,Lm,3,1.4226
7,H,M,2,Lm,4,3.785
7,H,M,2,Lm,5,4.6161
7,H,M,2,Lm,6,2.5271
7,H,M,2,Lm,7,3.3732
7,H,M,2,Lm,8,2.7714
7,H,M,2,Lm,9,3.7313
7,H,M,2,Lm,10,3.2418
7,H,M,1,Rn,1,7.8715
7,H,M,1,Rn,2,10.7062
7,H,M,1,Rn,3,8.1326
7,H,M,1,Rn,4,10.8047
7,H,M,1,Rn,5,6.0115
7,H,M,1,Rn,6,6.1693
7,H,M,1,Rn,7,6.0015
7,H,M,1,Rn,8,8.3186
7,H,M,1,Rn,9,4.4481
7,H,M,1,Rn,10,9.459
7,H,M,2,Rn,1,5.5412
7,H,M,2,Rn,2,13.8497
7,H,M,2,Rn,3,12.6588
7,H,M,2,Rn,4,14.1151
7,H,M,2,Rn,5,5.5174
7,H,M,2,Rn,6,7.2852
7,H,M,2,Rn,7,7.3326
7,H,M,2,Rn,8,8.0394
7,H,M,2,Rn,9,12.1725
7,H,M,2,Rn,10,6.3625
7,H,M,1,Sp,1,12.7591
7,H,M,1,Sp,2,5.4732
7,H,M,1,Sp,3,5.2071
7,H,M,1,Sp,4,8.6695
7,H,M,1,Sp,5,13.6488
7,H,M,1,Sp,6,10.7771
7,H,M,1,Sp,7,5.1762
7,H,M,1,Sp,8,5.5666
7,H,M,1,Sp,9,6.2635
7,H,M,1,Sp,10,5.8699
7,H,M,2,Sp,1,6.5411
7,H,M,2,Sp,2,5.2589
7,H,M,2,Sp,3,11.5218
7,H,M,2,Sp,4,4.9385
7,H,M,2,Sp,5,5.333
7,H,M,2,Sp,6,4.3961
7,H,M,2,Sp,7,13.21
7,H,M,2,Sp,8,5.2086
7,H,M,2,Sp,9,6.423
7,H,M,2,Sp,10,5.046
7,H,M,1,Wc,1,0.3272
7,H,M,1,Wc,2,0.3805
7,H,M,1,Wc,3,0.392
7,H,M,1,Wc,4,0.3909
7,H,M,1,Wc,5,0.3212
7,H,M,1,Wc,6,0.4565
7,H,M,1,Wc,7,0.408
7,H,M,1,Wc,8,0.3548
7,H,M,1,Wc,9,0.3872
7,H,M,1,Wc,10,0.3607
7,H,M,2,Wc,1,0.4683
7,H,M,2,Wc,2,0.4758
7,H,M,2,Wc,3,0.5403
7,H,M,2,Wc,4,0.3357
7,H,M,2,Wc,5,0.1937
7,H,M,2,Wc,6,0.2472
7,H,M,2,Wc,7,0.5661
7,H,M,2,Wc,8,0.3851
7,H,M,2,Wc,9,0.5143
7,H,M,2,Wc,10,0.3195
7,H,H,1,Lm,1,4.4758
7,H,H,1,Lm,2,3.6755
7,H,H,1,Lm,3,3.4492
7,H,H,1,Lm,4,3.4652
7,H,H,1,Lm,5,3.1824
7,H,H,1,Lm,6,3.4375
7,H,H,1,Lm,7,3.9842
7,H,H,1,Lm,8,4.7533
7,H,H,1,Lm,9,2.2996
7,H,H,1,Lm,10,4.1117
7,H,H,2,Lm,1,3.2683
7,H,H,2,Lm,2,2.7629
7,H,H,2,Lm,3,2.6847
7,H,H,2,Lm,4,3.8841
7,H,H,2,Lm,5,5.0161
7,H,H,2,Lm,6,2.3696
7,H,H,2,Lm,7,3.5455
7,H,H,2,Lm,8,3.9961
7,H,H,2,Lm,9,3.6369
7,H,H,2,Lm,10,2.0804
7,H,H,1,Rn,1,18.6635
7,H,H,1,Rn,2,14.6057
7,H,H,1,Rn,3,12.4148
7,H,H,1,Rn,4,9.8712
7,H,H,1,Rn,5,8.2634
7,H,H,1,Rn,6,10.6933
7,H,H,1,Rn,7,15.7379
7,H,H,1,Rn,8,12.1581
7,H,H,1,Rn,9,16.9669
7,H,H,1,Rn,10,13.7704
7,H,H,2,Rn,1,9.6373
7,H,H,2,Rn,2,10.1621
7,H,H,2,Rn,3,11.8608
7,H,H,2,Rn,4,9.1104
7,H,H,2,Rn,5,11.6933
7,H,H,2,Rn,6,15.2913
7,H,H,2,Rn,7,17.6136
7,H,H,2,Rn,8,10.2403
7,H,H,2,Rn,9,7.1296
7,H,H,2,Rn,10,12.2289
7,H,H,1,Sp,1,11.3177
7,H,H,1,Sp,2,7.367
7,H,H,1,Sp,3,11.9075
7,H,H,1,Sp,4,6.1648
7,H,H,1,Sp,5,5.5443
7,H,H,1,Sp,6,9.1097
7,H,H,1,Sp,7,18.122
7,H,H,1,Sp,8,6.6895
7,H,H,1,Sp,9,6.8615
7,H,H,1,Sp,10,6.404
7,H,H,2,Sp,1,10.9578
7,H,H,2,Sp,2,10.191
7,H,H,2,Sp,3,7.2798
7,H,H,2,Sp,4,6.3214
7,H,H,2,Sp,5,5.9837
7,H,H,2,Sp,6,7.3012
7,H,H,2,Sp,7,10.4113
7,H,H,2,Sp,8,5.1805
7,H,H,2,Sp,9,6.0504
7,H,H,2,Sp,10,9.9079
7,H,H,1,Wc,1,0.3885
7,H,H,1,Wc,2,0.3389
7,H,H,1,Wc,3,0.3982
7,H,H,1,Wc,4,0.3781
7,H,H,1,Wc,5,0.3947
7,H,H,1,Wc,6,0.5353
7,H,H,1,Wc,7,0.4567
7,H,H,1,Wc,8,0.3188
7,H,H,1,Wc,9,0.3405
7,H,H,1,Wc,10,0.4578
7,H,H,2,Wc,1,0.3781
7,H,H,2,Wc,2,0.5119
7,H,H,2,Wc,3,0.3458
7,H,H,2,Wc,4,0.3009
7,H,H,2,Wc,5,0.4404
7,H,H,2,Wc,6,0.3689
7,H,H,2,Wc,7,0.3517
7,H,H,2,Wc,8,0.4028
7,H,H,2,Wc,9,0.3145
7,H,H,2,Wc,10,0.346
7,M,L,1,Lm,1,3.902
7,M,L,1,Lm,2,3.8908
7,M,L,1,Lm,3,3.6404
7,M,L,1,Lm,4,4.3715
7,M,L,1,Lm,5,4.542
7,M,L,1,Lm,6,3.4054
7,M,L,1,Lm,7,3.1992
7,M,L,1,Lm,8,4.0787
7,M,L,1,Lm,9,3.2735
7,M,L,1,Lm,10,4.1468
7,M,L,2,Lm,1,4.3074
7,M,L,2,Lm,2,3.6485
7,M,L,2,Lm,3,3.2026
7,M,L,2,Lm,4,3.3067
7,M,L,2,Lm,5,4.2652
7,M,L,2,Lm,6,2.6195
7,M,L,2,Lm,7,3.6735
7,M,L,2,Lm,8,2.9983
7,M,L,2,Lm,9,4.217
7,M,L,2,Lm,10,2.1881
7,M,L,1,Rn,1,15.0221
7,M,L,1,Rn,2,13.3763
7,M,L,1,Rn,3,13.204
7,M,L,1,Rn,4,21.4241
7,M,L,1,Rn,5,19.2974
7,M,L,1,Rn,6,19.4951
7,M,L,1,Rn,7,4.3516
7,M,L,1,Rn,8,6.497
7,M,L,1,Rn,9,20.5398
7,M,L,1,Rn,10,19.4727
7,M,L,2,Rn,1,15.8583
7,M,L,2,Rn,2,17.9178
7,M,L,2,Rn,3,28.4615
7,M,L,2,Rn,4,17.7912
7,M,L,2,Rn,5,15.4206
7,M,L,2,Rn,6,10.7644
7,M,L,2,Rn,7,16.5353
7,M,L,2,Rn,8,11.5487
7,M,L,2,Rn,9,16.631
7,M,L,2,Rn,10,18.634
7,M,L,1,Sp,1,14.1676
7,M,L,1,Sp,2,12.3313
7,M,L,1,Sp,3,12.9061
7,M,L,1,Sp,4,9.1883
7,M,L,1,Sp,5,9.2766
7,M,L,1,Sp,6,7.4707
7,M,L,1,Sp,7,9.4508
7,M,L,1,Sp,8,6.5305
7,M,L,1,Sp,9,5.0224
7,M,L,1,Sp,10,14.0483
7,M,L,2,Sp,1,19.3849
7,M,L,2,Sp,2,16.0997
7,M,L,2,Sp,3,9.887
7,M,L,2,Sp,4,6.1882
7,M,L,2,Sp,5,9.0332
7,M,L,2,Sp,6,9.2125
7,M,L,2,Sp,7,11.5375
7,M,L,2,Sp,8,7.6572
7,M,L,2,Sp,9,17.0892
7,M,L,2,Sp,10,8.9031
7,M,L,1,Wc,1,0.4844
7,M,L,1,Wc,2,0.3218
7,M,L,1,Wc,3,0.4237
7,M,L,1,Wc,4,0.3693
7,M,L,1,Wc,5,0.3919
7,M,L,1,Wc,6,0.2253
7,M,L,1,Wc,7,0.2164
7,M,L,1,Wc,8,0.4825
7,M,L,1,Wc,9,0.2335
7,M,L,1,Wc,10,0.3337
7,M,L,2,Wc,1,0.4752
7,M,L,2,Wc,2,0.3681
7,M,L,2,Wc,3,0.324
7,M,L,2,Wc,4,0.2799
7,M,L,2,Wc,5,0.3929
7,M,L,2,Wc,6,0.2053
7,M,L,2,Wc,7,0.382
7,M,L,2,Wc,8,0.3835
7,M,L,2,Wc,9,0.2001
7,M,L,2,Wc,10,0.2489
7,M,M,1,Lm,1,4.4572
7,M,M,1,Lm,2,2.9524
7,M,M,1,Lm,3,4.5945
7,M,M,1,Lm,4,4.2204
7,M,M,1,Lm,5,3.0358
7,M,M,1,Lm,6,4.2051
7,M,M,1,Lm,7,4.6372
7,M,M,1,Lm,8,4.199
7,M,M,1,Lm,9,3.092
7,M,M,1,Lm,10,3.889
7,M,M,2,Lm,1,4.11
7,M,M,2,Lm,2,5.2281
7,M,M,2,Lm,3,2.5874
7,M,M,2,Lm,4,5.0411
7,M,M,2,Lm,5,3.9021
7,M,M,2,Lm,6,4.7372
7,M,M,2,Lm,7,4.9969
7,M,M,2,Lm,8,5.7101
7,M,M,2,Lm,9,5.2974
7,M,M,2,Lm,10,3.0757
7,M,M,1,Rn,1,12.0122
7,M,M,1,Rn,2,16.1011
7,M,M,1,Rn,3,21.0076
7,M,M,1,Rn,4,29.3361
7,M,M,1,Rn,5,5.384
7,M,M,1,Rn,6,15.7071
7,M,M,1,Rn,7,13.9064
7,M,M,1,Rn,8,8.864
7,M,M,1,Rn,9,9.9075
7,M,M,1,Rn,10,9.372
7,M,M,2,Rn,1,10.4325
7,M,M,2,Rn,2,25.9738
7,M,M,2,Rn,3,11.527
7,M,M,2,Rn,4,23.2232
7,M,M,2,Rn,5,14.7369
7,M,M,2,Rn,6,6.5301
7,M,M,2,Rn,7,7.8658
7,M,M,2,Rn,8,28.7284
7,M,M,2,Rn,9,20.232
7,M,M,2,Rn,10,15.2524
7,M,M,1,Sp,1,10.4242
7,M,M,1,Sp,2,6.0402
7,M,M,1,Sp,3,7.4095
7,M,M,1,Sp,4,7.4527
7,M,M,1,Sp,5,17.7124
7,M,M,1,Sp,6,7.2427
7,M,M,1,Sp,7,11.2573
7,M,M,1,Sp,8,5.5396
7,M,M,1,Sp,9,7.8874
7,M,M,1,Sp,10,9.694
7,M,M,2,Sp,1,13.064
7,M,M,2,Sp,2,11.0993
7,M,M,2,Sp,3,13.5019
7,M,M,2,Sp,4,25.7053
7,M,M,2,Sp,5,12.6796
7,M,M,2,Sp,6,16.0215
7,M,M,2,Sp,7,10.6755
7,M,M,2,Sp,8,16.4626
7,M,M,2,Sp,9,7.1255
7,M,M,2,Sp,10,9.4905
7,M,M,1,Wc,1,0.4484
7,M,M,1,Wc,2,0.2986
7,M,M,1,Wc,3,0.2988
7,M,M,1,Wc,4,0.259
7,M,M,1,Wc,5,0.3096
7,M,M,1,Wc,6,0.218
7,M,M,1,Wc,7,0.3953
7,M,M,1,Wc,8,0.2016
7,M,M,1,Wc,9,0.2991
7,M,M,1,Wc,10,0.2741
7,M,M,2,Wc,1,0.6537
7,M,M,2,Wc,2,0.3899
7,M,M,2,Wc,3,0.2743
7,M,M,2,Wc,4,0.3966
7,M,M,2,Wc,5,0.5986
7,M,M,2,Wc,6,0.6548
7,M,M,2,Wc,7,0.3284
7,M,M,2,Wc,8,0.2859
7,M,M,2,Wc,9,0.2201
7,M,M,2,Wc,10,0.2977
7,M,H,2,Lm,1,3.8234
7,M,H,2,Lm,2,5.3084
7,M,H,2,Lm,3,4.4756
7,M,H,2,Lm,4,4.4798
7,M,H,2,Lm,5,4.6855
7,M,H,2,Lm,6,4.3609
7,M,H,2,Lm,7,3.22
7,M,H,2,Lm,8,2.7897
7,M,H,2,Lm,9,4.4253
7,M,H,2,Lm,10,5.2219
7,M,H,1,Lm,1,5.6629
7,M,H,1,Lm,2,2.4298
7,M,H,1,Lm,3,4.6134
7,M,H,1,Lm,4,4.6799
7,M,H,1,Lm,5,3.5505
7,M,H,1,Lm,6,5.1685
7,M,H,1,Lm,7,4.6881
7,M,H,1,Lm,8,3.5584
7,M,H,1,Lm,9,4.0255
7,M,H,1,Lm,10,4.1358
7,M,H,2,Rn,1,15.8416
7,M,H,2,Rn,2,20.9051
7,M,H,2,Rn,3,14.9742
7,M,H,2,Rn,4,29.3853
7,M,H,2,Rn,5,16.8882
7,M,H,2,Rn,6,23.4967
7,M,H,2,Rn,7,28.4126
7,M,H,2,Rn,8,23.6723
7,M,H,2,Rn,9,16.9753
7,M,H,2,Rn,10,18.2367
7,M,H,1,Rn,1,9.8777
7,M,H,1,Rn,2,16.5243
7,M,H,1,Rn,3,14.9397
7,M,H,1,Rn,4,12.3226
7,M,H,1,Rn,5,16.9129
7,M,H,1,Rn,6,20.7651
7,M,H,1,Rn,7,27.809
7,M,H,1,Rn,8,5.9073
7,M,H,1,Rn,9,22.0938
7,M,H,1,Rn,10,16.8929
7,M,H,2,Sp,1,17.878
7,M,H,2,Sp,2,17.228
7,M,H,2,Sp,3,7.6218
7,M,H,2,Sp,4,9.8464
7,M,H,2,Sp,5,13.6045
7,M,H,2,Sp,6,8.7103
7,M,H,2,Sp,7,13.3608
7,M,H,2,Sp,8,14.1606
7,M,H,2,Sp,9,7.1305
7,M,H,2,Sp,10,7.3084
7,M,H,1,Sp,1,14.1981
7,M,H,1,Sp,2,10.8102
7,M,H,1,Sp,3,8.9093
7,M,H,1,Sp,4,12.7226
7,M,H,1,Sp,5,7.1198
7,M,H,1,Sp,6,15.0448
7,M,H,1,Sp,7,6.1258
7,M,H,1,Sp,8,11.5491
7,M,H,1,Sp,9,11.4067
7,M,H,1,Sp,10,5.4761
7,M,H,2,Wc,1,0.3693
7,M,H,2,Wc,2,0.2831
7,M,H,2,Wc,3,0.3463
7,M,H,2,Wc,4,0.4002
7,M,H,2,Wc,5,0.3358
7,M,H,2,Wc,6,0.6103
7,M,H,2,Wc,7,0.3767
7,M,H,2,Wc,8,0.4826
7,M,H,2,Wc,9,0.3508
7,M,H,2,Wc,10,0.4283
7,M,H,1,Wc,1,0.4739
7,M,H,1,Wc,2,0.393
7,M,H,1,Wc,3,0.3608
7,M,H,1,Wc,4,0.3328
7,M,H,1,Wc,5,0.3619
7,M,H,1,Wc,6,0.1722
7,M,H,1,Wc,7,0.6949
7,M,H,1,Wc,8,0.4506
7,M,H,1,Wc,9,0.5286
7,M,H,1,Wc,10,0.5296
7,L,L,2,Lm,1,5.9392
7,L,L,2,Lm,2,4.2661
7,L,L,2,Lm,3,5.05
7,L,L,2,Lm,4,3.6118
7,L,L,2,Lm,5,5.564
7,L,L,2,Lm,6,3.8282
7,L,L,2,Lm,7,5.2749
7,L,L,2,Lm,8,5.84
7,L,L,2,Lm,9,3.9519
7,L,L,2,Lm,10,4.8667
7,L,L,1,Lm,1,4.0697
7,L,L,1,Lm,2,3.7061
7,L,L,1,Lm,3,3.4787
7,L,L,1,Lm,4,5.4163
7,L,L,1,Lm,5,4.3577
7,L,L,1,Lm,6,4.2438
7,L,L,1,Lm,7,4.7747
7,L,L,1,Lm,8,3.9829
7,L,L,1,Lm,9,2.5849
7,L,L,1,Lm,10,2.7471
7,L,L,2,Rn,1,15.5179
7,L,L,2,Rn,2,24.2206
7,L,L,2,Rn,3,33.3992
7,L,L,2,Rn,4,22.4095
7,L,L,2,Rn,5,26.8364
7,L,L,2,Rn,6,20.2165
7,L,L,2,Rn,7,31.6885
7,L,L,2,Rn,8,25.4358
7,L,L,2,Rn,9,21.0999
7,L,L,2,Rn,10,22.7543
7,L,L,1,Rn,1,27.9712
7,L,L,1,Rn,2,26.1593
7,L,L,1,Rn,3,26.6716
7,L,L,1,Rn,4,18.8564
7,L,L,1,Rn,5,26.0174
7,L,L,1,Rn,6,27.6601
7,L,L,1,Rn,7,37.6263
7,L,L,1,Rn,8,37.6978
7,L,L,1,Rn,9,22.0946
7,L,L,1,Rn,10,12.8864
7,L,L,2,Sp,1,13.5519
7,L,L,2,Sp,2,15.3843
7,L,L,2,Sp,3,14.5256
7,L,L,2,Sp,4,16.9366
7,L,L,2,Sp,5,7.2191
7,L,L,2,Sp,6,16.9858
7,L,L,2,Sp,7,18.6451
7,L,L,2,Sp,8,17.3787
7,L,L,2,Sp,9,15.9646
7,L,L,2,Sp,10,8.4368
7,L,L,1,Sp,1,13.9045
7,L,L,1,Sp,2,7.582
7,L,L,1,Sp,3,17.5801
7,L,L,1,Sp,4,14.0366
7,L,L,1,Sp,5,14.4301
7,L,L,1,Sp,6,14.4911
7,L,L,1,Sp,7,14.8652
7,L,L,1,Sp,8,15.6937
7,L,L,1,Sp,9,18.1075
7,L,L,1,Sp,10,20.372
7,L,L,2,Wc,1,0.392
7,L,L,2,Wc,2,0.3924
7,L,L,2,Wc,3,0.4287
7,L,L,2,Wc,4,0.397
7,L,L,2,Wc,5,0.3359
7,L,L,2,Wc,6,0.3139
7,L,L,2,Wc,7,0.4267
7,L,L,2,Wc,8,0.4093
7,L,L,2,Wc,9,0.3564
7,L,L,2,Wc,10,0.4151
7,L,L,1,Wc,1,0.515
7,L,L,1,Wc,2,0.4943
7,L,L,1,Wc,3,0.5844
7,L,L,1,Wc,4,0.4276
7,L,L,1,Wc,5,0.386
7,L,L,1,Wc,6,0.6579
7,L,L,1,Wc,7,0.3543
7,L,L,1,Wc,8,0.354
7,L,L,1,Wc,9,0.4523
7,L,L,1,Wc,10,0.5377
7,L,M,2,Lm,1,4.1863
7,L,M,2,Lm,2,3.2567
7,L,M,2,Lm,3,4.6338
7,L,M,2,Lm,4,3.6838
7,L,M,2,Lm,5,4.5419
7,L,M,2,Lm,6,4.0634
7,L,M,2,Lm,7,4.4115
7,L,M,2,Lm,8,3.909
7,L,M,2,Lm,9,4.4584
7,L,M,2,Lm,10,4.8766
7,L,M,1,Lm,1,4.5238
7,L,M,1,Lm,2,4.2352
7,L,M,1,Lm,3,5.4693
7,L,M,1,Lm,4,4.1588
7,L,M,1,Lm,5,5.372
7,L,M,1,Lm,6,3.2886
7,L,M,1,Lm,7,3.7586
7,L,M,1,Lm,8,4.4026
7,L,M,1,Lm,9,5.0574
7,L,M,1,Lm,10,5.6853
7,L,M,2,Rn,1,21.9579
7,L,M,2,Rn,2,16.876
7,L,M,2,Rn,3,41.2643
7,L,M,2,Rn,4,32.9811
7,L,M,2,Rn,5,16.9959
7,L,M,2,Rn,6,21.143
7,L,M,2,Rn,7,20.9781
7,L,M,2,Rn,8,29.2504
7,L,M,2,Rn,9,22.6752
7,L,M,2,Rn,10,30.0268
7,L,M,1,Rn,1,20.6082
7,L,M,1,Rn,2,22.7766
7,L,M,1,Rn,3,12.4184
7,L,M,1,Rn,4,36.6484
7,L,M,1,Rn,5,28.154
7,L,M,1,Rn,6,13.0484
7,L,M,1,Rn,7,26.1485
7,L,M,1,Rn,8,38.7237
7,L,M,1,Rn,9,28.7312
7,L,M,1,Rn,10,25.5164
7,L,M,2,Sp,1,13.5578
7,L,M,2,Sp,2,13.0217
7,L,M,2,Sp,3,11.8422
7,L,M,2,Sp,4,6.6973
7,L,M,2,Sp,5,15.3466
7,L,M,2,Sp,6,19.8897
7,L,M,2,Sp,7,17.2514
7,L,M,2,Sp,8,10.0262
7,L,M,2,Sp,9,12.2545
7,L,M,2,Sp,10,17.6123
7,L,M,1,Sp,1,9.8121
7,L,M,1,Sp,2,20.0647
7,L,M,1,Sp,3,18.9623
7,L,M,1,Sp,4,15.4758
7,L,M,1,Sp,5,27.8049
7,L,M,1,Sp,6,19.3913
7,L,M,1,Sp,7,12.8224
7,L,M,1,Sp,8,10.2979
7,L,M,1,Sp,9,4.5869
7,L,M,1,Sp,10,6.875
7,L,M,2,Wc,1,0.4038
7,L,M,2,Wc,2,0.5335
7,L,M,2,Wc,3,0.4874
7,L,M,2,Wc,4,0.5108
7,L,M,2,Wc,5,0.5274
7,L,M,2,Wc,6,0.4553
7,L,M,2,Wc,7,0.3803
7,L,M,2,Wc,8,0.4939
7,L,M,2,Wc,9,0.5095
7,L,M,2,Wc,10,0.3698
7,L,M,1,Wc,1,0.4944
7,L,M,1,Wc,2,0.5251
7,L,M,1,Wc,3,0.5084
7,L,M,1,Wc,4,0.2153
7,L,M,1,Wc,5,0.7057
7,L,M,1,Wc,6,0.3314
7,L,M,1,Wc,7,0.3108
7,L,M,1,Wc,8,0.5721
7,L,M,1,Wc,9,0.6347
7,L,M,1,Wc,10,0.3867
7,L,H,1,Lm,1,4.845
7,L,H,1,Lm,2,4.9511
7,L,H,1,Lm,3,4.4828
7,L,H,1,Lm,4,4.1384
7,L,H,1,Lm,5,5.1077
7,L,H,1,Lm,6,3.3238
7,L,H,1,Lm,7,4.8804
7,L,H,1,Lm,8,3.9672
7,L,H,1,Lm,9,4.3074
7,L,H,1,Lm,10,5.9255
7,L,H,2,Lm,1,3.3451
7,L,H,2,Lm,2,5.0891
7,L,H,2,Lm,3,4.951
7,L,H,2,Lm,4,3.1562
7,L,H,2,Lm,5,5.0389
7,L,H,2,Lm,6,4.7253
7,L,H,2,Lm,7,4.0963
7,L,H,2,Lm,8,4.7733
7,L,H,2,Lm,9,4.2981
7,L,H,2,Lm,10,3.8693
7,L,H,1,Rn,1,41.0082
7,L,H,1,Rn,2,30.7453
7,L,H,1,Rn,3,21.7777
7,L,H,1,Rn,4,31.4988
7,L,H,1,Rn,5,34.5356
7,L,H,1,Rn,6,20.7903
7,L,H,1,Rn,7,41.6128
7,L,H,1,Rn,8,35.9417
7,L,H,1,Rn,9,25.683
7,L,H,1,Rn,10,38.7404
7,L,H,2,Rn,1,21.7122
7,L,H,2,Rn,2,39.9618
7,L,H,2,Rn,3,42.7482
7,L,H,2,Rn,4,39.561
7,L,H,2,Rn,5,34.3188
7,L,H,2,Rn,6,36.4325
7,L,H,2,Rn,7,36.1515
7,L,H,2,Rn,8,22.8807
7,L,H,2,Rn,9,36.6917
7,L,H,2,Rn,10,25.979
7,L,H,1,Sp,1,19.9507
7,L,H,1,Sp,2,12.2074
7,L,H,1,Sp,3,18.364
7,L,H,1,Sp,4,15.0513
7,L,H,1,Sp,5,12.0575
7,L,H,1,Sp,6,18.3669
7,L,H,1,Sp,7,12.4053
7,L,H,1,Sp,8,21.4615
7,L,H,1,Sp,9,7.9583
7,L,H,1,Sp,10,5.8576
7,L,H,2,Sp,1,18.6412
7,L,H,2,Sp,2,12.7701
7,L,H,2,Sp,3,20.2348
7,L,H,2,Sp,4,21.1496
7,L,H,2,Sp,5,20.9113
7,L,H,2,Sp,6,9.94
7,L,H,2,Sp,7,14.1254
7,L,H,2,Sp,8,7.1737
7,L,H,2,Sp,9,19.1328
7,L,H,2,Sp,10,14.8317
7,L,H,1,Wc,1,0.5418
7,L,H,1,Wc,2,0.4067
7,L,H,1,Wc,3,0.6942
7,L,H,1,Wc,4,0.3635
7,L,H,1,Wc,5,0.3765
7,L,H,1,Wc,6,0.4708
7,L,H,1,Wc,7,0.6278
7,L,H,1,Wc,8,0.2852
7,L,H,1,Wc,9,0.4655
7,L,H,1,Wc,10,0.4488
7,L,H,2,Wc,1,0.3799
7,L,H,2,Wc,2,0.5134
7,L,H,2,Wc,3,0.4539
7,L,H,2,Wc,4,0.2769
7,L,H,2,Wc,5,0.3625
7,L,H,2,Wc,6,0.3183
7,L,H,2,Wc,7,0.4769
7,L,H,2,Wc,8,0.6574
7,L,H,2,Wc,9,0.3058
7,L,H,2,Wc,10,0.634
9,H,L,2,Lm,1,3.1511
9,H,L,2,Lm,2,3.1362
9,H,L,2,Lm,3,3.57
9,H,L,2,Lm,4,2.3394
9,H,L,2,Lm,5,3.5687
9,H,L,2,Lm,6,2.4839
9,H,L,2,Lm,7,3.6481
9,H,L,2,Lm,8,3.9243
9,H,L,2,Lm,9,2.312
9,H,L,2,Lm,10,3.6838
9,H,L,1,Lm,1,3.3854
9,H,L,1,Lm,2,3.5555
9,H,L,1,Lm,3,3.1886
9,H,L,1,Lm,4,3.91
9,H,L,1,Lm,5,2.9422
9,H,L,1,Lm,6,2.5889
9,H,L,1,Lm,7,3.6001
9,H,L,1,Lm,8,3.9363
9,H,L,1,Lm,9,3.5391
9,H,L,1,Lm,10,3.2765
9,H,L,2,Rn,1,6.4374
9,H,L,2,Rn,2,7.0931
9,H,L,2,Rn,3,5.3861
9,H,L,2,Rn,4,6.22
9,H,L,2,Rn,5,5.6572
9,H,L,2,Rn,6,4.4399
9,H,L,2,Rn,7,4.8355
9,H,L,2,Rn,8,8.6299
9,H,L,2,Rn,9,7.4916
9,H,L,2,Rn,10,3.9549
9,H,L,1,Rn,1,8.4185
9,H,L,1,Rn,2,7.0723
9,H,L,1,Rn,3,3.4336
9,H,L,1,Rn,4,5.472
9,H,L,1,Rn,5,4.3342
9,H,L,1,Rn,6,5.9562
9,H,L,1,Rn,7,4.2948
9,H,L,1,Rn,8,2.3658
9,H,L,1,Rn,9,6.0823
9,H,L,1,Rn,10,5.1286
9,H,L,2,Sp,1,7.5336
9,H,L,2,Sp,2,12.9652
9,H,L,2,Sp,3,5.9986
9,H,L,2,Sp,4,7.3132
9,H,L,2,Sp,5,7.3768
9,H,L,2,Sp,6,5.0531
9,H,L,2,Sp,7,5.5907
9,H,L,2,Sp,8,7.4611
9,H,L,2,Sp,9,5.7463
9,H,L,2,Sp,10,6.1688
9,H,L,1,Sp,1,6.3322
9,H,L,1,Sp,2,5.4772
9,H,L,1,Sp,3,5.3488
9,H,L,1,Sp,4,6.1116
9,H,L,1,Sp,5,14.2389
9,H,L,1,Sp,6,6.1075
9,H,L,1,Sp,7,6.5653
9,H,L,1,Sp,8,6.1754
9,H,L,1,Sp,9,7.119
9,H,L,1,Sp,10,6.269
9,H,L,2,Wc,1,0.4326
9,H,L,2,Wc,2,0.3516
9,H,L,2,Wc,3,0.3407
9,H,L,2,Wc,4,0.3623
9,H,L,2,Wc,5,0.1711
9,H,L,2,Wc,6,0.1861
9,H,L,2,Wc,7,0.1053
9,H,L,2,Wc,8,0.3184
9,H,L,2,Wc,9,0.2673
9,H,L,2,Wc,10,0.3026
9,H,L,1,Wc,1,0.3381
9,H,L,1,Wc,2,0.3286
9,H,L,1,Wc,3,0.2035
9,H,L,1,Wc,4,0.3892
9,H,L,1,Wc,5,0.214
9,H,L,1,Wc,6,0.1675
9,H,L,1,Wc,7,0.337
9,H,L,1,Wc,8,0.1971
9,H,L,1,Wc,9,0.2709
9,H,L,1,Wc,10,0.3356
9,H,M,1,Lm,1,3.2145
9,H,M,1,Lm,2,3.1572
9,H,M,1,Lm,3,3.816
9,H,M,1,Lm,4,1.9449
9,H,M,1,Lm,5,3.713
9,H,M,1,Lm,6,4.2829
9,H,M,1,Lm,7,4.2701
9,H,M,1,Lm,8,4.4835
9,H,M,1,Lm,9,3.8462
9,H,M,1,Lm,10,2.0618
9,H,M,2,Lm,1,4.3821
9,H,M,2,Lm,2,2.5917
9,H,M,2,Lm,3,4.2025
9,H,M,2,Lm,4,3.6936
9,H,M,2,Lm,5,2.9432
9,H,M,2,Lm,6,3.2241
9,H,M,2,Lm,7,3.701
9,H,M,2,Lm,8,2.6266
9,H,M,2,Lm,9,1.7404
9,H,M,2,Lm,10,3.788
9,H,M,1,Rn,1,18.3219
9,H,M,1,Rn,2,12.7575
9,H,M,1,Rn,3,8.5974
9,H,M,1,Rn,4,7.8602
9,H,M,1,Rn,5,7.1344
9,H,M,1,Rn,6,7.0185
9,H,M,1,Rn,7,7.3206
9,H,M,1,Rn,8,9.1254
9,H,M,1,Rn,9,5.6099
9,H,M,1,Rn,10,4.5963
9,H,M,2,Rn,1,12.5007
9,H,M,2,Rn,2,5.9838
9,H,M,2,Rn,3,3.8433
9,H,M,2,Rn,4,7.6238
9,H,M,2,Rn,5,6.2811
9,H,M,2,Rn,6,4.6325
9,H,M,2,Rn,7,6.8382
9,H,M,2,Rn,8,8.3764
9,H,M,2,Rn,9,9.641
9,H,M,2,Rn,10,7.5979
9,H,M,1,Sp,1,5.7782
9,H,M,1,Sp,2,5.4637
9,H,M,1,Sp,3,12.9007
9,H,M,1,Sp,4,6.1101
9,H,M,1,Sp,5,7.5331
9,H,M,1,Sp,6,12.2851
9,H,M,1,Sp,7,4.817
9,H,M,1,Sp,8,12.728
9,H,M,1,Sp,9,6.4769
9,H,M,1,Sp,10,6.0403
9,H,M,2,Sp,1,7.0392
9,H,M,2,Sp,2,10.0741
9,H,M,2,Sp,3,5.6246
9,H,M,2,Sp,4,3.779
9,H,M,2,Sp,5,6.338
9,H,M,2,Sp,6,5.0517
9,H,M,2,Sp,7,5.4118
9,H,M,2,Sp,8,15.0772
9,H,M,2,Sp,9,10.2088
9,H,M,2,Sp,10,4.4324
9,H,M,1,Wc,1,0.44
9,H,M,1,Wc,2,0.4942
9,H,M,1,Wc,3,0.3782
9,H,M,1,Wc,4,0.5196
9,H,M,1,Wc,5,0.3532
9,H,M,1,Wc,6,0.3666
9,H,M,1,Wc,7,0.2247
9,H,M,1,Wc,8,0.3312
9,H,M,1,Wc,9,0.3846
9,H,M,1,Wc,10,0.5111
9,H,M,2,Wc,1,0.4843
9,H,M,2,Wc,2,0.3382
9,H,M,2,Wc,3,0.4419
9,H,M,2,Wc,4,0.1817
9,H,M,2,Wc,5,0.2011
9,H,M,2,Wc,6,0.2048
9,H,M,2,Wc,7,0.1147
9,H,M,2,Wc,8,0.2802
9,H,M,2,Wc,9,0.3744
9,H,M,2,Wc,10,0.2665
9,H,H,1,Lm,1,3.0944
9,H,H,1,Lm,2,2.8483
9,H,H,1,Lm,3,2.6819
9,H,H,1,Lm,4,2.1347
9,H,H,1,Lm,5,3.1699
9,H,H,1,Lm,6,5.635
9,H,H,1,Lm,7,2.5842
9,H,H,1,Lm,8,3.4669
9,H,H,1,Lm,9,3.8021
9,H,H,1,Lm,10,3.2638
9,H,H,2,Lm,1,4.2682
9,H,H,2,Lm,2,3.7021
9,H,H,2,Lm,3,4.5332
9,H,H,2,Lm,4,4.1735
9,H,H,2,Lm,5,2.52
9,H,H,2,Lm,6,1.9486
9,H,H,2,Lm,7,3.571
9,H,H,2,Lm,8,3.8233
9,H,H,2,Lm,9,2.8328
9,H,H,2,Lm,10,2.4293
9,H,H,1,Rn,1,13.5504
9,H,H,1,Rn,2,10.7255
9,H,H,1,Rn,3,13.9138
9,H,H,1,Rn,4,15.6685
9,H,H,1,Rn,5,13.3219
9,H,H,1,Rn,6,4.6986
9,H,H,1,Rn,7,16.0183
9,H,H,1,Rn,8,14.1788
9,H,H,1,Rn,9,19.8323
9,H,H,1,Rn,10,8.6928
9,H,H,2,Rn,1,19.3525
9,H,H,2,Rn,2,21.4962
9,H,H,2,Rn,3,10.9268
9,H,H,2,Rn,4,14.5605
9,H,H,2,Rn,5,12.9703
9,H,H,2,Rn,6,8.4113
9,H,H,2,Rn,7,11.5461
9,H,H,2,Rn,8,7.2338
9,H,H,2,Rn,9,4.2938
9,H,H,2,Rn,10,13.0212
9,H,H,1,Sp,1,18.1826
9,H,H,1,Sp,2,16.0902
9,H,H,1,Sp,3,13.1819
9,H,H,1,Sp,4,7.1412
9,H,H,1,Sp,5,6.8149
9,H,H,1,Sp,6,6.7258
9,H,H,1,Sp,7,11.2256
9,H,H,1,Sp,8,7.8875
9,H,H,1,Sp,9,7.7545
9,H,H,1,Sp,10,5.9648
9,H,H,2,Sp,1,9.2303
9,H,H,2,Sp,2,9.8303
9,H,H,2,Sp,3,8.5942
9,H,H,2,Sp,4,8.1997
9,H,H,2,Sp,5,4.9771
9,H,H,2,Sp,6,7.7792
9,H,H,2,Sp,7,7.9687
9,H,H,2,Sp,8,4.0663
9,H,H,2,Sp,9,6.9107
9,H,H,2,Sp,10,6.4024
9,H,H,1,Wc,1,0.2811
9,H,H,1,Wc,2,0.2887
9,H,H,1,Wc,3,0.3845
9,H,H,1,Wc,4,0.2341
9,H,H,1,Wc,5,0.2623
9,H,H,1,Wc,6,0.3876
9,H,H,1,Wc,7,0.2918
9,H,H,1,Wc,8,0.3908
9,H,H,1,Wc,9,0.3886
9,H,H,1,Wc,10,0.3041
9,H,H,2,Wc,1,0.4644
9,H,H,2,Wc,2,0.3759
9,H,H,2,Wc,3,0.3277
9,H,H,2,Wc,4,0.3082
9,H,H,2,Wc,5,0.3043
9,H,H,2,Wc,6,0.2934
9,H,H,2,Wc,7,0.3488
9,H,H,2,Wc,8,0.2559
9,H,H,2,Wc,9,0.4085
9,H,H,2,Wc,10,0.3484
9,M,L,1,Lm,1,3.0686
9,M,L,1,Lm,2,4.8385
9,M,L,1,Lm,3,4.2402
9,M,L,1,Lm,4,3.55
9,M,L,1,Lm,5,4.4542
9,M,L,1,Lm,6,4.0741
9,M,L,1,Lm,7,4.5019
9,M,L,1,Lm,8,3.6412
9,M,L,1,Lm,9,2.7709
9,M,L,1,Lm,10,2.4815
9,M,L,2,Lm,1,4.5055
9,M,L,2,Lm,2,3.0532
9,M,L,2,Lm,3,3.1034
9,M,L,2,Lm,4,2.6911
9,M,L,2,Lm,5,2.7481
9,M,L,2,Lm,6,2.7736
9,M,L,2,Lm,7,2.6798
9,M,L,2,Lm,8,4.8159
9,M,L,2,Lm,9,2.794
9,M,L,2,Lm,10,2.6125
9,M,L,1,Rn,1,12.7974
9,M,L,1,Rn,2,22.1364
9,M,L,1,Rn,3,11.2308
9,M,L,1,Rn,4,16.3292
9,M,L,1,Rn,5,23.1046
9,M,L,1,Rn,6,10.0886
9,M,L,1,Rn,7,21.2099
9,M,L,1,Rn,8,13.6655
9,M,L,1,Rn,9,9.19
9,M,L,1,Rn,10,20.9916
9,M,L,2,Rn,1,29.6213
9,M,L,2,Rn,2,16.0994
9,M,L,2,Rn,3,13.4698
9,M,L,2,Rn,4,10.4823
9,M,L,2,Rn,5,26.5397
9,M,L,2,Rn,6,23.8883
9,M,L,2,Rn,7,14.3561
9,M,L,2,Rn,8,24.4263
9,M,L,2,Rn,9,17.1399
9,M,L,2,Rn,10,13.6913
9,M,L,1,Sp,1,8.0776
9,M,L,1,Sp,2,9.7035
9,M,L,1,Sp,3,6.3933
9,M,L,1,Sp,4,8.3531
9,M,L,1,Sp,5,6.2377
9,M,L,1,Sp,6,7.7848
9,M,L,1,Sp,7,7.0204
9,M,L,1,Sp,8,10.5832
9,M,L,1,Sp,9,9.2185
9,M,L,1,Sp,10,7.2771
9,M,L,2,Sp,1,6.5613
9,M,L,2,Sp,2,7.7974
9,M,L,2,Sp,3,8.4923
9,M,L,2,Sp,4,9.8351
9,M,L,2,Sp,5,10.972
9,M,L,2,Sp,6,8.8433
9,M,L,2,Sp,7,11.3166
9,M,L,2,Sp,8,8.1615
9,M,L,2,Sp,9,5.6224
9,M,L,2,Sp,10,8.6737
9,M,L,1,Wc,1,0.2671
9,M,L,1,Wc,2,0.3351
9,M,L,1,Wc,3,0.2866
9,M,L,1,Wc,4,0.2885
9,M,L,1,Wc,5,0.2729
9,M,L,1,Wc,6,0.3101
9,M,L,1,Wc,7,0.3684
9,M,L,1,Wc,8,0.1305
9,M,L,1,Wc,9,0.1957
9,M,L,1,Wc,10,0.3211
9,M,L,2,Wc,1,0.3587
9,M,L,2,Wc,2,0.2916
9,M,L,2,Wc,3,0.2484
9,M,L,2,Wc,4,0.2036
9,M,L,2,Wc,5,0.3798
9,M,L,2,Wc,6,0.2532
9,M,L,2,Wc,7,0.3218
9,M,L,2,Wc,8,0.4653
9,M,L,2,Wc,9,0.2269
9,M,L,2,Wc,10,0.3228
9,M,M,1,Lm,1,4.4839
9,M,M,1,Lm,2,3.7589
9,M,M,1,Lm,3,4.6931
9,M,M,1,Lm,4,4.1562
9,M,M,1,Lm,5,3.8565
9,M,M,1,Lm,6,4.5915
9,M,M,1,Lm,7,4.2448
9,M,M,1,Lm,8,4.0309
9,M,M,1,Lm,9,4.5763
9,M,M,1,Lm,10,3.2051
9,M,M,2,Lm,1,3.4801
9,M,M,2,Lm,2,4.1383
9,M,M,2,Lm,3,3.7443
9,M,M,2,Lm,4,4.8397
9,M,M,2,Lm,5,2.4151
9,M,M,2,Lm,6,4.0877
9,M,M,2,Lm,7,4.1389
9,M,M,2,Lm,8,3.8101
9,M,M,2,Lm,9,3.2063
9,M,M,2,Lm,10,4.1514
9,M,M,1,Rn,1,15.9719
9,M,M,1,Rn,2,11.0118
9,M,M,1,Rn,3,26.0299
9,M,M,1,Rn,4,17.1882
9,M,M,1,Rn,5,16.4427
9,M,M,1,Rn,6,25.6645
9,M,M,1,Rn,7,20.6709
9,M,M,1,Rn,8,14.5134
9,M,M,1,Rn,9,18.036
9,M,M,1,Rn,10,17.9069
9,M,M,2,Rn,1,24.6432
9,M,M,2,Rn,2,12.045
9,M,M,2,Rn,3,26.5986
9,M,M,2,Rn,4,24.0186
9,M,M,2,Rn,5,16.629
9,M,M,2,Rn,6,16.235
9,M,M,2,Rn,7,12.4905
9,M,M,2,Rn,8,15.2457
9,M,M,2,Rn,9,22.185
9,M,M,2,Rn,10,20.4575
9,M,M,1,Sp,1,14.2827
9,M,M,1,Sp,2,9.202
9,M,M,1,Sp,3,8.3123
9,M,M,1,Sp,4,9.2305
9,M,M,1,Sp,5,6.9068
9,M,M,1,Sp,6,6.5123
9,M,M,1,Sp,7,7.7686
9,M,M,1,Sp,8,7.2862
9,M,M,1,Sp,9,11.1608
9,M,M,1,Sp,10,5.8037
9,M,M,2,Sp,1,5.9903
9,M,M,2,Sp,2,7.1061
9,M,M,2,Sp,3,9.3165
9,M,M,2,Sp,4,8.5782
9,M,M,2,Sp,5,9.03
9,M,M,2,Sp,6,15.008
9,M,M,2,Sp,7,7.6346
9,M,M,2,Sp,8,12.0533
9,M,M,2,Sp,9,7.6853
9,M,M,2,Sp,10,7.1695
9,M,M,1,Wc,1,0.321
9,M,M,1,Wc,2,0.3528
9,M,M,1,Wc,3,0.2184
9,M,M,1,Wc,4,0.3343
9,M,M,1,Wc,5,0.4195
9,M,M,1,Wc,6,0.2544
9,M,M,1,Wc,7,0.2773
9,M,M,1,Wc,8,0.2629
9,M,M,1,Wc,9,0.3793
9,M,M,1,Wc,10,0.2421
9,M,M,2,Wc,1,0.3682
9,M,M,2,Wc,2,0.2737
9,M,M,2,Wc,3,0.267
9,M,M,2,Wc,4,0.3774
9,M,M,2,Wc,5,0.3276
9,M,M,2,Wc,6,0.3097
9,M,M,2,Wc,7,0.2158
9,M,M,2,Wc,8,0.3962
9,M,M,2,Wc,9,0.2808
9,M,M,2,Wc,10,0.2807
9,M,H,2,Lm,1,4.6927
9,M,H,2,Lm,2,5.1199
9,M,H,2,Lm,3,5.1439
9,M,H,2,Lm,4,3.0372
9,M,H,2,Lm,5,4.2263
9,M,H,2,Lm,6,3.7083
9,M,H,2,Lm,7,5.2065
9,M,H,2,Lm,8,3.3385
9,M,H,2,Lm,9,3.6514
9,M,H,2,Lm,10,4.4673
9,M,H,1,Lm,1,4.6137
9,M,H,1,Lm,2,4.5305
9,M,H,1,Lm,3,3.184
9,M,H,1,Lm,4,4.1148
9,M,H,1,Lm,5,3.9918
9,M,H,1,Lm,6,5.7709
9,M,H,1,Lm,7,2.707
9,M,H,1,Lm,8,4.2483
9,M,H,1,Lm,9,4.1491
9,M,H,1,Lm,10,3.1777
9,M,H,2,Rn,1,20.8867
9,M,H,2,Rn,2,13.2807
9,M,H,2,Rn,3,15.2116
9,M,H,2,Rn,4,22.3493
9,M,H,2,Rn,5,21.5387
9,M,H,2,Rn,6,24.7751
9,M,H,2,Rn,7,16.1461
9,M,H,2,Rn,8,19.016
9,M,H,2,Rn,9,19.2026
9,M,H,2,Rn,10,19.4161
9,M,H,1,Rn,1,29.5487
9,M,H,1,Rn,2,17.5985
9,M,H,1,Rn,3,19.4672
9,M,H,1,Rn,4,12.9965
9,M,H,1,Rn,5,16.4283
9,M,H,1,Rn,6,26.0651
9,M,H,1,Rn,7,24.6634
9,M,H,1,Rn,8,13.1004
9,M,H,1,Rn,9,15.4431
9,M,H,1,Rn,10,25.7253
9,M,H,2,Sp,1,10.6246
9,M,H,2,Sp,2,9.7299
9,M,H,2,Sp,3,10.2866
9,M,H,2,Sp,4,9.8159
9,M,H,2,Sp,5,8.143
9,M,H,2,Sp,6,9.3264
9,M,H,2,Sp,7,8.9549
9,M,H,2,Sp,8,8.478
9,M,H,2,Sp,9,11.6342
9,M,H,2,Sp,10,10.3652
9,M,H,1,Sp,1,9.837
9,M,H,1,Sp,2,8.3242
9,M,H,1,Sp,3,9.4715
9,M,H,1,Sp,4,13.2385
9,M,H,1,Sp,5,7.2046
9,M,H,1,Sp,6,13.9862
9,M,H,1,Sp,7,8.4588
9,M,H,1,Sp,8,7.4449
9,M,H,1,Sp,9,11.3223
9,M,H,1,Sp,10,8.4005
9,M,H,2,Wc,1,0.5093
9,M,H,2,Wc,2,0.4002
9,M,H,2,Wc,3,0.1468
9,M,H,2,Wc,4,0.1825
9,M,H,2,Wc,5,0.3846
9,M,H,2,Wc,6,0.351
9,M,H,2,Wc,7,0.4439
9,M,H,2,Wc,8,0.2276
9,M,H,2,Wc,9,0.5232
9,M,H,2,Wc,10,0.4946
9,M,H,1,Wc,1,0.3999
9,M,H,1,Wc,2,0.5844
9,M,H,1,Wc,3,0.5646
9,M,H,1,Wc,4,0.3728
9,M,H,1,Wc,5,0.5138
9,M,H,1,Wc,6,0.5694
9,M,H,1,Wc,7,0.4211
9,M,H,1,Wc,8,0.6244
9,M,H,1,Wc,9,0.4014
9,M,H,1,Wc,10,0.1996
9,L,L,2,Lm,1,3.7208
9,L,L,2,Lm,2,3.8996
9,L,L,2,Lm,3,4.62
9,L,L,2,Lm,4,4.5399
9,L,L,2,Lm,5,3.2779
9,L,L,2,Lm,6,3.305
9,L,L,2,Lm,7,3.678
9,L,L,2,Lm,8,4.4894
9,L,L,2,Lm,9,3.9572
9,L,L,2,Lm,10,3.7959
9,L,L,1,Lm,1,3.3756
9,L,L,1,Lm,2,3.5344
9,L,L,1,Lm,3,3.6878
9,L,L,1,Lm,4,2.2692
9,L,L,1,Lm,5,3.1993
9,L,L,1,Lm,6,3.7321
9,L,L,1,Lm,7,3.8802
9,L,L,1,Lm,8,2.9417
9,L,L,1,Lm,9,3.7389
9,L,L,1,Lm,10,4.0301
9,L,L,2,Rn,1,29.0016
9,L,L,2,Rn,2,17.1662
9,L,L,2,Rn,3,21.983
9,L,L,2,Rn,4,31.3104
9,L,L,2,Rn,5,27.6305
9,L,L,2,Rn,6,19.3045
9,L,L,2,Rn,7,22.07
9,L,L,2,Rn,8,26.9602
9,L,L,2,Rn,9,17.0552
9,L,L,2,Rn,10,32.4254
9,L,L,1,Rn,1,14.2986
9,L,L,1,Rn,2,20.8682
9,L,L,1,Rn,3,40.2232
9,L,L,1,Rn,4,23.9743
9,L,L,1,Rn,5,17.2655
9,L,L,1,Rn,6,17.3255
9,L,L,1,Rn,7,36.2588
9,L,L,1,Rn,8,29.913
9,L,L,1,Rn,9,39.4665
9,L,L,1,Rn,10,41.8088
9,L,L,2,Sp,1,19.4849
9,L,L,2,Sp,2,14.1609
9,L,L,2,Sp,3,17.2617
9,L,L,2,Sp,4,13.6353
9,L,L,2,Sp,5,10.5107
9,L,L,2,Sp,6,13.9045
9,L,L,2,Sp,7,16.3533
9,L,L,2,Sp,8,13.3136
9,L,L,2,Sp,9,8.0031
9,L,L,2,Sp,10,10.88
9,L,L,1,Sp,1,14.7809
9,L,L,1,Sp,2,16.9089
9,L,L,1,Sp,3,18.787
9,L,L,1,Sp,4,17.5479
9,L,L,1,Sp,5,14.6592
9,L,L,1,Sp,6,14.0921
9,L,L,1,Sp,7,10.4595
9,L,L,1,Sp,8,7.8931
9,L,L,1,Sp,9,14.5763
9,L,L,1,Sp,10,8.1195
9,L,L,2,Wc,1,0.3389
9,L,L,2,Wc,2,0.3209
9,L,L,2,Wc,3,0.3473
9,L,L,2,Wc,4,0.2498
9,L,L,2,Wc,5,0.2915
9,L,L,2,Wc,6,0.4466
9,L,L,2,Wc,7,0.3523
9,L,L,2,Wc,8,0.4013
9,L,L,2,Wc,9,0.3331
9,L,L,2,Wc,10,0.3849
9,L,L,1,Wc,1,0.3867
9,L,L,1,Wc,2,0.1191
9,L,L,1,Wc,3,0.1417
9,L,L,1,Wc,4,0.1987
9,L,L,1,Wc,5,0.2428
9,L,L,1,Wc,6,0.4004
9,L,L,1,Wc,7,0.2495
9,L,L,1,Wc,8,0.3866
9,L,L,1,Wc,9,0.6683
9,L,L,1,Wc,10,0.4322
9,L,M,2,Lm,1,3.7541
9,L,M,2,Lm,2,4.1085
9,L,M,2,Lm,3,3.6862
9,L,M,2,Lm,4,3.7943
9,L,M,2,Lm,5,4.2194
9,L,M,2,Lm,6,4.4564
9,L,M,2,Lm,7,3.8622
9,L,M,2,Lm,8,3.0842
9,L,M,2,Lm,9,5.165
9,L,M,2,Lm,10,3.3356
9,L,M,1,Lm,1,4.5133
9,L,M,1,Lm,2,6.0762
9,L,M,1,Lm,3,4.3166
9,L,M,1,Lm,4,4.5119
9,L,M,1,Lm,5,4.5859
9,L,M,1,Lm,6,4.0197
9,L,M,1,Lm,7,4.8399
9,L,M,1,Lm,8,3.202
9,L,M,1,Lm,9,4.1583
9,L,M,1,Lm,10,4.1837
9,L,M,2,Rn,1,22.5191
9,L,M,2,Rn,2,17.7389
9,L,M,2,Rn,3,20.9345
9,L,M,2,Rn,4,23.9733
9,L,M,2,Rn,5,14.3612
9,L,M,2,Rn,6,26.4107
9,L,M,2,Rn,7,34.2328
9,L,M,2,Rn,8,9.4862
9,L,M,2,Rn,9,31.7547
9,L,M,2,Rn,10,23.6079
9,L,M,1,Rn,1,32.5235
9,L,M,1,Rn,2,24.0425
9,L,M,1,Rn,3,29.837
9,L,M,1,Rn,4,31.0016
9,L,M,1,Rn,5,26.0474
9,L,M,1,Rn,6,24.2519
9,L,M,1,Rn,7,15.8011
9,L,M,1,Rn,8,31.5491
9,L,M,1,Rn,9,17.629
9,L,M,1,Rn,10,16.6974
9,L,M,2,Sp,1,20.2171
9,L,M,2,Sp,2,17.8815
9,L,M,2,Sp,3,19.0882
9,L,M,2,Sp,4,10.1127
9,L,M,2,Sp,5,8.8416
9,L,M,2,Sp,6,15.3975
9,L,M,2,Sp,7,17.7684
9,L,M,2,Sp,8,14.9555
9,L,M,2,Sp,9,12.9469
9,L,M,2,Sp,10,12.9073
9,L,M,1,Sp,1,19.5501
9,L,M,1,Sp,2,16.3409
9,L,M,1,Sp,3,20.0724
9,L,M,1,Sp,4,12.3958
9,L,M,1,Sp,5,9.805
9,L,M,1,Sp,6,17.2822
9,L,M,1,Sp,7,18.9393
9,L,M,1,Sp,8,12.2804
9,L,M,1,Sp,9,14.9302
9,L,M,1,Sp,10,9.9699
9,L,M,2,Wc,1,0.2227
9,L,M,2,Wc,2,0.2222
9,L,M,2,Wc,3,0.485
9,L,M,2,Wc,4,0.4305
9,L,M,2,Wc,5,0.3503
9,L,M,2,Wc,6,0.3281
9,L,M,2,Wc,7,0.1553
9,L,M,2,Wc,8,0.3699
9,L,M,2,Wc,9,0.4972
9,L,M,2,Wc,10,0.2908
9,L,M,1,Wc,1,0.4682
9,L,M,1,Wc,2,0.2324
9,L,M,1,Wc,3,0.4028
9,L,M,1,Wc,4,0.2581
9,L,M,1,Wc,5,0.5351
9,L,M,1,Wc,6,0.43
9,L,M,1,Wc,7,0.3696
9,L,M,1,Wc,8,0.3866
9,L,M,1,Wc,9,0.2982
9,L,M,1,Wc,10,0.333
9,L,H,1,Lm,1,4.2699
9,L,H,1,Lm,2,3.3681
9,L,H,1,Lm,3,5.528
9,L,H,1,Lm,4,4.6167
9,L,H,1,Lm,5,4.9134
9,L,H,1,Lm,6,4.3961
9,L,H,1,Lm,7,5.0935
9,L,H,1,Lm,8,4.6525
9,L,H,1,Lm,9,4.8062
9,L,H,1,Lm,10,4.9596
9,L,H,2,Lm,1,4.9929
9,L,H,2,Lm,2,3.5241
9,L,H,2,Lm,3,4.8551
9,L,H,2,Lm,4,5.2364
9,L,H,2,Lm,5,3.5864
9,L,H,2,Lm,6,4.3649
9,L,H,2,Lm,7,3.9501
9,L,H,2,Lm,8,4.2072
9,L,H,2,Lm,9,4.1621
9,L,H,2,Lm,10,2.8222
9,L,H,1,Rn,1,29.2421
9,L,H,1,Rn,2,36.3641
9,L,H,1,Rn,3,26.0949
9,L,H,1,Rn,4,28.4245
9,L,H,1,Rn,5,33.8957
9,L,H,1,Rn,6,24.4148
9,L,H,1,Rn,7,43.1174
9,L,H,1,Rn,8,29.2332
9,L,H,1,Rn,9,34.9148
9,L,H,1,Rn,10,26.2767
9,L,H,2,Rn,1,26.659
9,L,H,2,Rn,2,34.9852
9,L,H,2,Rn,3,35.0894
9,L,H,2,Rn,4,36.1925
9,L,H,2,Rn,5,27.0377
9,L,H,2,Rn,6,29.1083
9,L,H,2,Rn,7,33.4554
9,L,H,2,Rn,8,27.9989
9,L,H,2,Rn,9,27.6195
9,L,H,2,Rn,10,20.9603
9,L,H,1,Sp,1,18.2204
9,L,H,1,Sp,2,10.1268
9,L,H,1,Sp,3,21.1887
9,L,H,1,Sp,4,23.6587
9,L,H,1,Sp,5,20.0654
9,L,H,1,Sp,6,27.824
9,L,H,1,Sp,7,20.2965
9,L,H,1,Sp,8,13.5482
9,L,H,1,Sp,9,19.3665
9,L,H,1,Sp,10,19.0259
9,L,H,2,Sp,1,12.2706
9,L,H,2,Sp,2,17.071
9,L,H,2,Sp,3,20.4198
9,L,H,2,Sp,4,10.1451
9,L,H,2,Sp,5,15.911
9,L,H,2,Sp,6,14.8888
9,L,H,2,Sp,7,24.6673
9,L,H,2,Sp,8,15.2891
9,L,H,2,Sp,9,11.0698
9,L,H,2,Sp,10,20.9419
9,L,H,1,Wc,1,0.6626
9,L,H,1,Wc,2,0.4212
9,L,H,1,Wc,3,0.3994
9,L,H,1,Wc,4,0.3156
9,L,H,1,Wc,5,0.1748
9,L,H,1,Wc,6,0.4362
9,L,H,1,Wc,7,0.2264
9,L,H,1,Wc,8,0.4031
9,L,H,1,Wc,9,0.5398
9,L,H,1,Wc,10,0.5407
9,L,H,2,Wc,1,0.4643
9,L,H,2,Wc,2,0.4843
9,L,H,2,Wc,3,0.3121
9,L,H,2,Wc,4,0.3721
9,L,H,2,Wc,5,0.312
9,L,H,2,Wc,6,0.5369
9,L,H,2,Wc,7,0.4043
9,L,H,2,Wc,8,0.4322
9,L,H,2,Wc,9,0.3446
9,L,H,2,Wc,10,0.4628
11,H,L,2,Lm,1,2.9064
11,H,L,2,Lm,2,3.0813
11,H,L,2,Lm,3,2.9214
11,H,L,2,Lm,4,2.5398
11,H,L,2,Lm,5,2.8322
11,H,L,2,Lm,6,2.0569
11,H,L,2,Lm,7,2.0336
11,H,L,2,Lm,8,3.3533
11,H,L,2,Lm,9,1.4198
11,H,L,2,Lm,10,3.0635
11,H,L,1,Lm,1,2.2806
11,H,L,1,Lm,2,1.2382
11,H,L,1,Lm,3,2.9016
11,H,L,1,Lm,4,2.3023
11,H,L,1,Lm,5,3.2065
11,H,L,1,Lm,6,2.2785
11,H,L,1,Lm,7,2.6099
11,H,L,1,Lm,8,2.6098
11,H,L,1,Lm,9,2.0241
11,H,L,1,Lm,10,1.7557
11,H,L,2,Rn,1,6.5607
11,H,L,2,Rn,2,6.6356
11,H,L,2,Rn,3,4.2316
11,H,L,2,Rn,4,6.371
11,H,L,2,Rn,5,7.4615
11,H,L,2,Rn,6,4.8163
11,H,L,2,Rn,7,4.9628
11,H,L,2,Rn,8,8.8369
11,H,L,2,Rn,9,6.3484
11,H,L,2,Rn,10,4.9466
11,H,L,1,Rn,1,4.3498
11,H,L,1,Rn,2,3.7127
11,H,L,1,Rn,3,3.2249
11,H,L,1,Rn,4,5.6791
11,H,L,1,Rn,5,3.4237
11,H,L,1,Rn,6,4.0001
11,H,L,1,Rn,7,5.5721
11,H,L,1,Rn,8,8.5521
11,H,L,1,Rn,9,5.1293
11,H,L,1,Rn,10,4.6643
11,H,L,2,Sp,1,9.0764
11,H,L,2,Sp,2,6.0816
11,H,L,2,Sp,3,4.4274
11,H,L,2,Sp,4,4.6773
11,H,L,2,Sp,5,4.7464
11,H,L,2,Sp,6,6.3479
11,H,L,2,Sp,7,4.7801
11,H,L,2,Sp,8,3.0305
11,H,L,2,Sp,9,6.6562
11,H,L,2,Sp,10,2.0374
11,H,L,1,Sp,1,5.5025
11,H,L,1,Sp,2,14.3503
11,H,L,1,Sp,3,7.9599
11,H,L,1,Sp,4,5.9595
11,H,L,1,Sp,5,6.8389
11,H,L,1,Sp,6,5.2135
11,H,L,1,Sp,7,5.8095
11,H,L,1,Sp,8,6.7686
11,H,L,1,Sp,9,7.2724
11,H,L,1,Sp,10,6.812
11,H,L,2,Wc,1,0.2039
11,H,L,2,Wc,2,0.1782
11,H,L,2,Wc,3,0.2798
11,H,L,2,Wc,4,0.208
11,H,L,2,Wc,5,0.3276
11,H,L,2,Wc,6,0.2649
11,H,L,2,Wc,7,0.2646
11,H,L,2,Wc,8,0.352
11,H,L,2,Wc,9,0.3369
11,H,L,2,Wc,10,0.2239
11,H,L,1,Wc,1,0.3739
11,H,L,1,Wc,2,0.2856
11,H,L,1,Wc,3,0.2621
11,H,L,1,Wc,4,0.2212
11,H,L,1,Wc,5,0.1967
11,H,L,1,Wc,6,0.2016
11,H,L,1,Wc,7,0.2001
11,H,L,1,Wc,8,0.2777
11,H,L,1,Wc,9,0.2315
11,H,L,1,Wc,10,0.2281
11,H,M,1,Lm,1,2.4978
11,H,M,1,Lm,2,3.417
11,H,M,1,Lm,3,4.3076
11,H,M,1,Lm,4,2.8247
11,H,M,1,Lm,5,2.9537
11,H,M,1,Lm,6,2.9148
11,H,M,1,Lm,7,1.5908
11,H,M,1,Lm,8,2.8409
11,H,M,1,Lm,9,1.4589
11,H,M,1,Lm,10,1.8928
11,H,M,2,Lm,1,2.4452
11,H,M,2,Lm,2,1.9344
11,H,M,2,Lm,3,2.9855
11,H,M,2,Lm,4,1.4586
11,H,M,2,Lm,5,3.4833
11,H,M,2,Lm,6,3.2771
11,H,M,2,Lm,7,3.0084
11,H,M,2,Lm,8,2.8124
11,H,M,2,Lm,9,1.7693
11,H,M,2,Lm,10,2.7429
11,H,M,1,Rn,1,6.912
11,H,M,1,Rn,2,10.1153
11,H,M,1,Rn,3,7.2618
11,H,M,1,Rn,4,12.0835
11,H,M,1,Rn,5,5.895
11,H,M,1,Rn,6,8.9505
11,H,M,1,Rn,7,4.7205
11,H,M,1,Rn,8,10.953
11,H,M,1,Rn,9,3.5982
11,H,M,1,Rn,10,6.82
11,H,M,2,Rn,1,5.307
11,H,M,2,Rn,2,7.634
11,H,M,2,Rn,3,5.6303
11,H,M,2,Rn,4,6.0992
11,H,M,2,Rn,5,7.1933
11,H,M,2,Rn,6,4.2753
11,H,M,2,Rn,7,8.8811
11,H,M,2,Rn,8,4.8983
11,H,M,2,Rn,9,6.7734
11,H,M,2,Rn,10,8.3632
11,H,M,1,Sp,1,7.05
11,H,M,1,Sp,2,8.0355
11,H,M,1,Sp,3,6.6497
11,H,M,1,Sp,4,10.6106
11,H,M,1,Sp,5,6.6537
11,H,M,1,Sp,6,8.2841
11,H,M,1,Sp,7,10.8701
11,H,M,1,Sp,8,6.4205
11,H,M,1,Sp,9,10.6175
11,H,M,1,Sp,10,5.8549
11,H,M,2,Sp,1,4.7634
11,H,M,2,Sp,2,4.2461
11,H,M,2,Sp,3,9.9663
11,H,M,2,Sp,4,7.4561
11,H,M,2,Sp,5,4.9003
11,H,M,2,Sp,6,6.3812
11,H,M,2,Sp,7,9.0523
11,H,M,2,Sp,8,5.2291
11,H,M,2,Sp,9,7.1699
11,H,M,2,Sp,10,4.4422
11,H,M,1,Wc,1,0.2401
11,H,M,1,Wc,2,0.2304
11,H,M,1,Wc,3,0.2875
11,H,M,1,Wc,4,0.2649
11,H,M,1,Wc,5,0.2842
11,H,M,1,Wc,6,0.3772
11,H,M,1,Wc,7,0.3048
11,H,M,1,Wc,8,0.3481
11,H,M,1,Wc,9,0.4233
11,H,M,1,Wc,10,0.3798
11,H,M,2,Wc,1,0.3585
11,H,M,2,Wc,2,0.2527
11,H,M,2,Wc,3,0.2727
11,H,M,2,Wc,4,0.3663
11,H,M,2,Wc,5,0.3218
11,H,M,2,Wc,6,0.3848
11,H,M,2,Wc,7,0.2795
11,H,M,2,Wc,8,0.3071
11,H,M,2,Wc,9,0.3623
11,H,M,2,Wc,10,0.2276
11,H,H,1,Lm,1,2.4507
11,H,H,1,Lm,2,2.6869
11,H,H,1,Lm,3,4.0953
11,H,H,1,Lm,4,4.6305
11,H,H,1,Lm,5,3.6133
11,H,H,1,Lm,6,4.1479
11,H,H,1,Lm,7,2.8231
11,H,H,1,Lm,8,3.7721
11,H,H,1,Lm,9,4.0061
11,H,H,1,Lm,10,2.647
11,H,H,2,Lm,1,2.5274
11,H,H,2,Lm,2,4.737
11,H,H,2,Lm,3,2.8933
11,H,H,2,Lm,4,4.1702
11,H,H,2,Lm,5,3.4984
11,H,H,2,Lm,6,4.1422
11,H,H,2,Lm,7,2.566
11,H,H,2,Lm,8,2.6707
11,H,H,2,Lm,9,2.397
11,H,H,2,Lm,10,2.1178
11,H,H,1,Rn,1,7.4617
11,H,H,1,Rn,2,12.7174
11,H,H,1,Rn,3,18.0179
11,H,H,1,Rn,4,13.7005
11,H,H,1,Rn,5,10.8454
11,H,H,1,Rn,6,11.8434
11,H,H,1,Rn,7,8.7288
11,H,H,1,Rn,8,7.7199
11,H,H,1,Rn,9,19.3875
11,H,H,1,Rn,10,11.6205
11,H,H,2,Rn,1,7.4009
11,H,H,2,Rn,2,15.709
11,H,H,2,Rn,3,6.8799
11,H,H,2,Rn,4,11.7732
11,H,H,2,Rn,5,11.3964
11,H,H,2,Rn,6,11.0655
11,H,H,2,Rn,7,9.2427
11,H,H,2,Rn,8,20.1309
11,H,H,2,Rn,9,9.8044
11,H,H,2,Rn,10,14.1979
11,H,H,1,Sp,1,7.9011
11,H,H,1,Sp,2,5.8354
11,H,H,1,Sp,3,6.5098
11,H,H,1,Sp,4,9.4849
11,H,H,1,Sp,5,6.894
11,H,H,1,Sp,6,9.0833
11,H,H,1,Sp,7,9.0438
11,H,H,1,Sp,8,7.9405
11,H,H,1,Sp,9,9.651
11,H,H,1,Sp,10,9.0124
11,H,H,2,Sp,1,4.9692
11,H,H,2,Sp,2,14.9346
11,H,H,2,Sp,3,11.1325
11,H,H,2,Sp,4,6.4199
11,H,H,2,Sp,5,7.8538
11,H,H,2,Sp,6,9.3335
11,H,H,2,Sp,7,9.6943
11,H,H,2,Sp,8,8.1999
11,H,H,2,Sp,9,8.1403
11,H,H,2,Sp,10,8.0521
11,H,H,1,Wc,1,0.3695
11,H,H,1,Wc,2,0.378
11,H,H,1,Wc,3,0.2619
11,H,H,1,Wc,4,0.35634
11,H,H,1,Wc,5,0.3199
11,H,H,1,Wc,6,0.2362
11,H,H,1,Wc,7,0.2427
11,H,H,1,Wc,8,0.3125
11,H,H,1,Wc,9,0.2915
11,H,H,1,Wc,10,0.3237
11,H,H,2,Wc,1,0.2788
11,H,H,2,Wc,2,0.3635
11,H,H,2,Wc,3,0.2077
11,H,H,2,Wc,4,0.2927
11,H,H,2,Wc,5,0.3476
11,H,H,2,Wc,6,0.2884
11,H,H,2,Wc,7,0.3268
11,H,H,2,Wc,8,0.2757
11,H,H,2,Wc,9,0.2475
11,H,H,2,Wc,10,0.219
11,M,L,1,Lm,1,3.8619
11,M,L,1,Lm,2,3.1917
11,M,L,1,Lm,3,3.498
11,M,L,1,Lm,4,2.8103
11,M,L,1,Lm,5,2.3948
11,M,L,1,Lm,6,3.5277
11,M,L,1,Lm,7,4.0359
11,M,L,1,Lm,8,3.1379
11,M,L,1,Lm,9,4.7571
11,M,L,1,Lm,10,4.3825
11,M,L,2,Lm,1,3.7412
11,M,L,2,Lm,2,2.8649
11,M,L,2,Lm,3,4.0284
11,M,L,2,Lm,4,3.9694
11,M,L,2,Lm,5,2.5893
11,M,L,2,Lm,6,3.3779
11,M,L,2,Lm,7,3.2043
11,M,L,2,Lm,8,2.2148
11,M,L,2,Lm,9,3.5786
11,M,L,2,Lm,10,1.8863
11,M,L,1,Rn,1,17.3561
11,M,L,1,Rn,2,17.772
11,M,L,1,Rn,3,23.0647
11,M,L,1,Rn,4,12.1303
11,M,L,1,Rn,5,15.6962
11,M,L,1,Rn,6,18.4181
11,M,L,1,Rn,7,15.2619
11,M,L,1,Rn,8,16.0073
11,M,L,1,Rn,9,23.7474
11,M,L,1,Rn,10,16.1781
11,M,L,2,Rn,1,26.1353
11,M,L,2,Rn,2,32.0288
11,M,L,2,Rn,3,15.6831
11,M,L,2,Rn,4,22.719
11,M,L,2,Rn,5,14.3202
11,M,L,2,Rn,6,18.2181
11,M,L,2,Rn,7,16.8815
11,M,L,2,Rn,8,12.469
11,M,L,2,Rn,9,17.7395
11,M,L,2,Rn,10,11.6783
11,M,L,1,Sp,1,10.7644
11,M,L,1,Sp,2,7.3802
11,M,L,1,Sp,3,10.8511
11,M,L,1,Sp,4,9.152
11,M,L,1,Sp,5,12.2132
11,M,L,1,Sp,6,7.9766
11,M,L,1,Sp,7,6.691
11,M,L,1,Sp,8,10.4743
11,M,L,1,Sp,9,7.5345
11,M,L,1,Sp,10,4.1583
11,M,L,2,Sp,1,11.095
11,M,L,2,Sp,2,11.0268
11,M,L,2,Sp,3,7.7803
11,M,L,2,Sp,4,16.7824
11,M,L,2,Sp,5,6.532
11,M,L,2,Sp,6,6.5136
11,M,L,2,Sp,7,11.9986
11,M,L,2,Sp,8,7.7416
11,M,L,2,Sp,9,7.2799
11,M,L,2,Sp,10,11.0097
11,M,L,1,Wc,1,0.2055
11,M,L,1,Wc,2,0.2666
11,M,L,1,Wc,3,0.2203
11,M,L,1,Wc,4,0.351
11,M,L,1,Wc,5,0.2852
11,M,L,1,Wc,6,0.2491
11,M,L,1,Wc,7,0.3148
11,M,L,1,Wc,8,0.2839
11,M,L,1,Wc,9,0.221
11,M,L,2,Wc,1,0.2465
11,M,L,2,Wc,2,0.3396
11,M,L,2,Wc,3,0.3011
11,M,L,2,Wc,4,0.3371
11,M,L,2,Wc,5,0.299
11,M,L,2,Wc,6,0.318
11,M,L,2,Wc,7,0.2991
11,M,L,2,Wc,8,0.3221
11,M,L,2,Wc,9,0.2815
11,M,L,2,Wc,10,0.3001
11,M,M,1,Lm,1,3.8697
11,M,M,1,Lm,2,3.3109
11,M,M,1,Lm,3,4.0089
11,M,M,1,Lm,4,3.7062
11,M,M,1,Lm,5,3.6527
11,M,M,1,Lm,6,4.9196
11,M,M,1,Lm,7,3.6245
11,M,M,1,Lm,8,4.2491
11,M,M,1,Lm,9,2.0883
11,M,M,1,Lm,10,1.958
11,M,M,2,Lm,1,4.284
11,M,M,2,Lm,2,3.6525
11,M,M,2,Lm,3,4.6635
11,M,M,2,Lm,4,4.099
11,M,M,2,Lm,5,4.0635
11,M,M,2,Lm,6,3.6795
11,M,M,2,Lm,7,3.8549
11,M,M,2,Lm,8,4.4906
11,M,M,2,Lm,9,3.9198
11,M,M,2,Lm,10,3.3383
11,M,M,1,Rn,1,12.8469
11,M,M,1,Rn,2,16.4185
11,M,M,1,Rn,3,23.2089
11,M,M,1,Rn,4,22.9418
11,M,M,1,Rn,5,21.9972
11,M,M,1,Rn,6,20.5092
11,M,M,1,Rn,7,8.3861
11,M,M,1,Rn,8,9.7577
11,M,M,1,Rn,9,11.3477
11,M,M,1,Rn,10,16.3371
11,M,M,2,Rn,1,20.4833
11,M,M,2,Rn,2,22.3163
11,M,M,2,Rn,3,14.6651
11,M,M,2,Rn,4,16.5034
11,M,M,2,Rn,5,19.9117
11,M,M,2,Rn,6,17.4178
11,M,M,2,Rn,7,12.934
11,M,M,2,Rn,8,17.3977
11,M,M,2,Rn,9,22.8682
11,M,M,2,Rn,10,19.3251
11,M,M,1,Sp,1,8.2174
11,M,M,1,Sp,2,12.1987
11,M,M,1,Sp,3,8.3625
11,M,M,1,Sp,4,9.5523
11,M,M,1,Sp,5,11.5154
11,M,M,1,Sp,6,16.0707
11,M,M,1,Sp,7,9.3162
11,M,M,1,Sp,8,9.7158
11,M,M,1,Sp,9,7.9621
11,M,M,1,Sp,10,7.6556
11,M,M,2,Sp,1,7.0303
11,M,M,2,Sp,2,8.4343
11,M,M,2,Sp,3,9.4706
11,M,M,2,Sp,4,13.8557
11,M,M,2,Sp,5,8.1732
11,M,M,2,Sp,6,5.9576
11,M,M,2,Sp,7,9.0975
11,M,M,2,Sp,8,7.2458
11,M,M,2,Sp,9,9.6746
11,M,M,2,Sp,10,8.3591
11,M,M,1,Wc,1,0.1923
11,M,M,1,Wc,2,0.1893
11,M,M,1,Wc,3,0.3251
11,M,M,1,Wc,4,0.13988
11,M,M,1,Wc,5,0.2993
11,M,M,1,Wc,6,0.3671
11,M,M,1,Wc,7,0.4011
11,M,M,1,Wc,8,0.3122
11,M,M,1,Wc,9,0.3001
11,M,M,1,Wc,10,0.4099
11,M,M,2,Wc,1,0.2687
11,M,M,2,Wc,2,0.3852
11,M,M,2,Wc,3,0.2664
11,M,M,2,Wc,4,0.2958
11,M,M,2,Wc,5,0.2161
11,M,M,2,Wc,6,0.2762
11,M,M,2,Wc,7,0.3075
11,M,M,2,Wc,8,0.2525
11,M,M,2,Wc,9,0.3376
11,M,M,2,Wc,10,0.2994
11,M,H,2,Lm,1,3.0279
11,M,H,2,Lm,2,4.0364
11,M,H,2,Lm,3,3.5165
11,M,H,2,Lm,4,4.9286
11,M,H,2,Lm,5,3.3205
11,M,H,2,Lm,6,3.9903
11,M,H,2,Lm,7,4.5121
11,M,H,2,Lm,8,4.0802
11,M,H,2,Lm,9,3.7188
11,M,H,2,Lm,10,2.082
11,M,H,1,Lm,1,3.6116
11,M,H,1,Lm,2,3.7397
11,M,H,1,Lm,3,3.7128
11,M,H,1,Lm,4,3.4671
11,M,H,1,Lm,5,3.7881
11,M,H,1,Lm,6,5.0596
11,M,H,1,Lm,7,3.488
11,M,H,1,Lm,8,4.3969
11,M,H,1,Lm,9,2.7023
11,M,H,1,Lm,10,4.2022
11,M,H,2,Rn,1,27.0923
11,M,H,2,Rn,2,27.4033
11,M,H,2,Rn,3,11.8877
11,M,H,2,Rn,4,15.1423
11,M,H,2,Rn,5,21.3707
11,M,H,2,Rn,6,19.3914
11,M,H,2,Rn,7,24.4427
11,M,H,2,Rn,8,21.2278
11,M,H,2,Rn,9,21.5901
11,M,H,2,Rn,10,17.8447
11,M,H,1,Rn,1,24.7903
11,M,H,1,Rn,2,27.6339
11,M,H,1,Rn,3,12.8178
11,M,H,1,Rn,4,19.8472
11,M,H,1,Rn,5,34.2279
11,M,H,1,Rn,6,10.465
11,M,H,1,Rn,7,23.0627
11,M,H,1,Rn,8,21.5494
11,M,H,1,Rn,9,21.9436
11,M,H,1,Rn,10,17.4655
11,M,H,2,Sp,1,16.7672
11,M,H,2,Sp,2,12.028
11,M,H,2,Sp,3,10.4633
11,M,H,2,Sp,4,7.0252
11,M,H,2,Sp,5,8.5722
11,M,H,2,Sp,6,7.0373
11,M,H,2,Sp,7,19.2271
11,M,H,2,Sp,8,9.7019
11,M,H,2,Sp,9,8.3107
11,M,H,2,Sp,10,8.8651
11,M,H,1,Sp,1,9.0339
11,M,H,1,Sp,2,11.5306
11,M,H,1,Sp,3,8.9325
11,M,H,1,Sp,4,6.2141
11,M,H,1,Sp,5,12.9345
11,M,H,1,Sp,6,10.5307
11,M,H,1,Sp,7,12.544
11,M,H,1,Sp,8,9.7188
11,M,H,1,Sp,9,7.1993
11,M,H,1,Sp,10,9.2559
11,M,H,2,Wc,1,0.3428
11,M,H,2,Wc,2,0.4823
11,M,H,2,Wc,3,0.3754
11,M,H,2,Wc,4,0.5247
11,M,H,2,Wc,5,0.286
11,M,H,2,Wc,6,0.2182
11,M,H,2,Wc,7,0.2335
11,M,H,2,Wc,8,0.5339
11,M,H,2,Wc,9,0.3314
11,M,H,2,Wc,10,0.3701
11,M,H,1,Wc,1,0.48
11,M,H,1,Wc,2,0.528
11,M,H,1,Wc,3,0.4074
11,M,H,1,Wc,4,0.4174
11,M,H,1,Wc,5,0.2585
11,M,H,1,Wc,6,0.5398
11,M,H,1,Wc,7,0.4559
11,M,H,1,Wc,8,0.4713
11,M,H,1,Wc,9,0.5077
11,M,H,1,Wc,10,0.6404
11,L,L,2,Lm,1,3.5738
11,L,L,2,Lm,2,3.3738
11,L,L,2,Lm,3,3.2384
11,L,L,2,Lm,4,2.6239
11,L,L,2,Lm,5,3.4655
11,L,L,2,Lm,6,3.7367
11,L,L,2,Lm,7,3.4286
11,L,L,2,Lm,8,3.963
11,L,L,2,Lm,9,3.539
11,L,L,2,Lm,10,3.5044
11,L,L,1,Lm,1,3.5676
11,L,L,1,Lm,2,2.1505
11,L,L,1,Lm,3,4.0012
11,L,L,1,Lm,4,3.1352
11,L,L,1,Lm,5,3.3826
11,L,L,1,Lm,6,3.5489
11,L,L,1,Lm,7,3.17
11,L,L,1,Lm,8,2.928
11,L,L,1,Lm,9,3.1396
11,L,L,1,Lm,10,2.8174
11,L,L,2,Rn,1,17.6143
11,L,L,2,Rn,2,32.333
11,L,L,2,Rn,3,34.9898
11,L,L,2,Rn,4,38.0966
11,L,L,2,Rn,5,31.7127
11,L,L,2,Rn,6,24.7339
11,L,L,2,Rn,7,14.9227
11,L,L,2,Rn,8,21.0721
11,L,L,2,Rn,9,25.2509
11,L,L,2,Rn,10,16.8116
11,L,L,1,Rn,1,20.9451
11,L,L,1,Rn,2,29.7945
11,L,L,1,Rn,3,46.3829
11,L,L,1,Rn,4,23.4439
11,L,L,1,Rn,5,18.1873
11,L,L,1,Rn,6,20.0313
11,L,L,1,Rn,7,22.3545
11,L,L,1,Rn,8,25.8952
11,L,L,1,Rn,9,15.8181
11,L,L,1,Rn,10,34.6389
11,L,L,2,Sp,1,15.6189
11,L,L,2,Sp,2,10.6234
11,L,L,2,Sp,3,18.9176
11,L,L,2,Sp,4,11.0515
11,L,L,2,Sp,5,13.0058
11,L,L,2,Sp,6,15.5667
11,L,L,2,Sp,7,16.229
11,L,L,2,Sp,8,8.3011
11,L,L,2,Sp,9,3.167
11,L,L,2,Sp,10,11.3348
11,L,L,1,Sp,1,11.5979
11,L,L,1,Sp,2,11.9579
11,L,L,1,Sp,3,17.7714
11,L,L,1,Sp,4,14.4918
11,L,L,1,Sp,5,7.5809
11,L,L,1,Sp,6,15.8226
11,L,L,1,Sp,7,16.5909
11,L,L,1,Sp,8,13.165
11,L,L,1,Sp,9,8.9303
11,L,L,1,Sp,10,15.7493
11,L,L,2,Wc,1,0.2506
11,L,L,2,Wc,2,0.3858
11,L,L,2,Wc,3,0.1781
11,L,L,2,Wc,4,0.3434
11,L,L,2,Wc,5,0.3351
11,L,L,2,Wc,6,0.2222
11,L,L,2,Wc,7,0.3927
11,L,L,2,Wc,8,0.2582
11,L,L,2,Wc,9,0.3901
11,L,L,2,Wc,10,0.2547
11,L,L,1,Wc,1,0.3369
11,L,L,1,Wc,2,0.345
11,L,L,1,Wc,3,0.378
11,L,L,1,Wc,4,0.3498
11,L,L,1,Wc,5,0.2894
11,L,L,1,Wc,6,0.3355
11,L,L,1,Wc,7,0.3454
11,L,L,1,Wc,8,0.3763
11,L,L,1,Wc,9,0.3306
11,L,L,1,Wc,10,0.2451
11,L,M,2,Lm,1,4.1373
11,L,M,2,Lm,2,3.604
11,L,M,2,Lm,3,2.6177
11,L,M,2,Lm,4,3.8967
11,L,M,2,Lm,5,4.859
11,L,M,2,Lm,6,2.5765
11,L,M,2,Lm,7,3.4386
11,L,M,2,Lm,8,4.4324
11,L,M,2,Lm,9,4.6355
11,L,M,2,Lm,10,4.7852
11,L,M,1,Lm,1,3.8384
11,L,M,1,Lm,2,4.2777
11,L,M,1,Lm,3,4.1451
11,L,M,1,Lm,4,4.4064
11,L,M,1,Lm,5,3.9519
11,L,M,1,Lm,6,4.1824
11,L,M,1,Lm,7,4.1424
11,L,M,1,Lm,8,3.0629
11,L,M,1,Lm,9,3.6359
11,L,M,1,Lm,10,4.318
11,L,M,2,Rn,1,23.1367
11,L,M,2,Rn,2,18.5606
11,L,M,2,Rn,3,24.0004
11,L,M,2,Rn,4,22.5214
11,L,M,2,Rn,5,35.6847
11,L,M,2,Rn,6,21.3261
11,L,M,2,Rn,7,35.4312
11,L,M,2,Rn,8,39.4473
11,L,M,2,Rn,9,19.6682
11,L,M,2,Rn,10,33.2828
11,L,M,1,Rn,1,19.7636
11,L,M,1,Rn,2,24.3087
11,L,M,1,Rn,3,21.8133
11,L,M,1,Rn,4,33.9923
11,L,M,1,Rn,5,16.1541
11,L,M,1,Rn,6,26.023
11,L,M,1,Rn,7,28.1806
11,L,M,1,Rn,8,29.3554
11,L,M,1,Rn,9,31.9724
11,L,M,1,Rn,10,43.7886
11,L,M,2,Sp,1,18.2966
11,L,M,2,Sp,2,15.449
11,L,M,2,Sp,3,14.1794
11,L,M,2,Sp,4,11.3756
11,L,M,2,Sp,5,20.5247
11,L,M,2,Sp,6,15.1218
11,L,M,2,Sp,7,14.3033
11,L,M,2,Sp,8,14.9259
11,L,M,2,Sp,9,8.294
11,L,M,2,Sp,10,18.3121
11,L,M,1,Sp,1,16.4764
11,L,M,1,Sp,2,14.7068
11,L,M,1,Sp,3,16.0004
11,L,M,1,Sp,4,8.9824
11,L,M,1,Sp,5,12.5854
11,L,M,1,Sp,6,17.0607
11,L,M,1,Sp,7,13.0155
11,L,M,1,Sp,8,9.5668
11,L,M,1,Sp,9,15.5827
11,L,M,1,Sp,10,13.052
11,L,M,2,Wc,1,0.5009
11,L,M,2,Wc,2,0.6935
11,L,M,2,Wc,3,0.3707
11,L,M,2,Wc,4,0.5171
11,L,M,2,Wc,5,0.4827
11,L,M,2,Wc,6,0.1661
11,L,M,2,Wc,7,0.242
11,L,M,2,Wc,8,0.276
11,L,M,2,Wc,9,0.3651
11,L,M,2,Wc,10,0.4212
11,L,M,1,Wc,1,0.842
11,L,M,1,Wc,2,0.2166
11,L,M,1,Wc,3,0.2276
11,L,M,1,Wc,4,0.3539
11,L,M,1,Wc,5,0.1436
11,L,M,1,Wc,6,0.2355
11,L,M,1,Wc,7,0.1859
11,L,M,1,Wc,8,0.2163
11,L,M,1,Wc,9,0.2578
11,L,M,1,Wc,10,0.3983
11,L,H,1,Lm,1,4.6172
11,L,H,1,Lm,2,4.6394
11,L,H,1,Lm,3,3.0982
11,L,H,1,Lm,4,5.2113
11,L,H,1,Lm,5,4.189
11,L,H,1,Lm,6,4.3684
11,L,H,1,Lm,7,5.0103
11,L,H,1,Lm,8,4.4549
11,L,H,1,Lm,9,3.8662
11,L,H,1,Lm,10,3.8974
11,L,H,2,Lm,1,4.4191
11,L,H,2,Lm,2,6.1084
11,L,H,2,Lm,3,4.991
11,L,H,2,Lm,4,4.8517
11,L,H,2,Lm,5,3.0671
11,L,H,2,Lm,6,3.7548
11,L,H,2,Lm,7,4.6187
11,L,H,2,Lm,8,3.0621
11,L,H,2,Lm,9,4.1986
11,L,H,2,Lm,10,5.2344
11,L,H,1,Rn,1,28.7079
11,L,H,1,Rn,2,25.2951
11,L,H,1,Rn,3,26.3985
11,L,H,1,Rn,4,30.5301
11,L,H,1,Rn,5,33.6126
11,L,H,1,Rn,6,29.2231
11,L,H,1,Rn,7,41.339
11,L,H,1,Rn,8,33.062
11,L,H,1,Rn,9,31.4784
11,L,H,1,Rn,10,26.9319
11,L,H,2,Rn,1,28.9536
11,L,H,2,Rn,2,40.6931
11,L,H,2,Rn,3,35.9934
11,L,H,2,Rn,4,29.9273
11,L,H,2,Rn,5,23.9889
11,L,H,2,Rn,6,35.6921
11,L,H,2,Rn,7,38.0431
11,L,H,2,Rn,8,36.4333
11,L,H,2,Rn,9,29.2859
11,L,H,2,Rn,10,28.3902
11,L,H,1,Sp,1,15.4305
11,L,H,1,Sp,2,25.6161
11,L,H,1,Sp,3,10.6229
11,L,H,1,Sp,4,15.8513
11,L,H,1,Sp,5,12.153
11,L,H,1,Sp,6,13.4133
11,L,H,1,Sp,7,27.2241
11,L,H,1,Sp,8,16.6522
11,L,H,1,Sp,9,13.5879
11,L,H,1,Sp,10,16.2019
11,L,H,2,Sp,1,16.458
11,L,H,2,Sp,2,14.2821
11,L,H,2,Sp,3,17.6372
11,L,H,2,Sp,4,11.4711
11,L,H,2,Sp,5,15.4868
11,L,H,2,Sp,6,25.5805
11,L,H,2,Sp,7,15.1273
11,L,H,2,Sp,8,14.5875
11,L,H,2,Sp,9,16.9258
11,L,H,2,Sp,10,17.368
11,L,H,1,Wc,1,0.4523
11,L,H,1,Wc,2,0.295
11,L,H,1,Wc,3,0.3976
11,L,H,1,Wc,4,0.427
11,L,H,1,Wc,5,0.2986
11,L,H,1,Wc,6,0.4284
11,L,H,1,Wc,7,0.5766
11,L,H,1,Wc,8,0.4615
11,L,H,1,Wc,9,0.3588
11,L,H,1,Wc,10,0.2354
11,L,H,2,Wc,1,0.5369
11,L,H,2,Wc,2,0.469
11,L,H,2,Wc,3,0.4003
11,L,H,2,Wc,4,0.5371
11,L,H,2,Wc,5,0.546
11,L,H,2,Wc,6,0.4187
11,L,H,2,Wc,7,0.2965
11,L,H,2,Wc,8,0.396
11,L,H,2,Wc,9,0.4266
11,L,H,2,Wc,10,0.6164